record_id,record_type,entity_id,metric_id,category_id,value,unit,currency,scale,as_of_date,period_start,period_end,period_type,frequency,classification,source_type,source_name,page_table,provider,retrieved_date,book_of_record,return_method,gross_net,valuation_status,benchmark_id,method_id,quality_status,note,schema_version,entered_by,reviewed_by,review_status
REC-0001,monthly_return,DEMO-OPEB,net_return_m,GROWTH,0.0013,%,USD,1,2025-07-31,2025-07-01,2025-07-31,M,Monthly,synthetic,workbook,Inputs_Portfolio,monthly returns grid,synthetic generator,2026-08-04,IBOR,TWR,net,final,,monthly_net_return,ok,,1.3.0,PA-ANALYST-1,PA-LEAD-1,published
REC-0002,monthly_return,DEMO-OPEB,net_return_m,CREDIT,-0.0027,%,USD,1,2025-07-31,2025-07-01,2025-07-31,M,Monthly,synthetic,workbook,Inputs_Portfolio,monthly returns grid,synthetic generator,2026-08-04,IBOR,TWR,net,final,,monthly_net_return,ok,,1.3.0,PA-ANALYST-1,PA-LEAD-1,published
REC-0003,monthly_return,DEMO-OPEB,net_return_m,RAIH,0.0065,%,USD,1,2025-07-31,2025-07-01,2025-07-31,M,Monthly,synthetic,workbook,Inputs_Portfolio,monthly returns grid,synthetic generator,2026-08-04,IBOR,TWR,net,final,,monthly_net_return,ok,,1.3.0,PA-ANALYST-1,PA-LEAD-1,published
REC-0004,monthly_return,DEMO-OPEB,net_return_m,RRM,-0.013,%,USD,1,2025-07-31,2025-07-01,2025-07-31,M,Monthly,synthetic,workbook,Inputs_Portfolio,monthly returns grid,synthetic generator,2026-08-04,IBOR,TWR,net,final,,monthly_net_return,ok,,1.3.0,PA-ANALYST-1,PA-LEAD-1,published
REC-0005,monthly_return,DEMO-OPEB,net_return_m,OVERLAY,-0.0041,%,USD,1,2025-07-31,2025-07-01,2025-07-31,M,Monthly,synthetic,workbook,Inputs_Portfolio,monthly returns grid,synthetic generator,2026-08-04,IBOR,TWR,net,final,,monthly_net_return,ok,,1.3.0,PA-ANALYST-1,PA-LEAD-1,published
REC-0006,monthly_return,DEMO-OPEB,net_return_m,OTHER,0,%,USD,1,2025-07-31,2025-07-01,2025-07-31,M,Monthly,synthetic,workbook,Inputs_Portfolio,monthly returns grid,synthetic generator,2026-08-04,IBOR,TWR,net,final,,monthly_net_return,ok,,1.3.0,PA-ANALYST-1,PA-LEAD-1,published
REC-0007,monthly_return,DEMO-OPEB,net_return_m,TOTAL,-0.0023115,%,USD,1,2025-07-31,2025-07-01,2025-07-31,M,Monthly,calculated,workbook,Calc_Returns,TF monthly SUMPRODUCT,workbook formulas,2026-08-04,IBOR,TWR,net,final,,bop_weighted_sum,ok,,1.3.0,PA-ANALYST-1,PA-LEAD-1,published
REC-0008,monthly_benchmark_return,DEMO-OPEB,bench_return_m,GROWTH,0.003,%,USD,1,2025-07-31,2025-07-01,2025-07-31,M,Monthly,synthetic,workbook,Inputs_Portfolio,benchmark grid,synthetic generator,2026-08-04,n/a,TWR,net,final,BM-GROWTH,,ok,,1.3.0,PA-ANALYST-1,PA-LEAD-1,published
REC-0009,monthly_benchmark_return,DEMO-OPEB,bench_return_m,CREDIT,-0.0029,%,USD,1,2025-07-31,2025-07-01,2025-07-31,M,Monthly,synthetic,workbook,Inputs_Portfolio,benchmark grid,synthetic generator,2026-08-04,n/a,TWR,net,final,BM-CREDIT,,ok,,1.3.0,PA-ANALYST-1,PA-LEAD-1,published
REC-0010,monthly_benchmark_return,DEMO-OPEB,bench_return_m,RAIH,-0.0009,%,USD,1,2025-07-31,2025-07-01,2025-07-31,M,Monthly,synthetic,workbook,Inputs_Portfolio,benchmark grid,synthetic generator,2026-08-04,n/a,TWR,net,final,BM-RAIH,,ok,,1.3.0,PA-ANALYST-1,PA-LEAD-1,published
REC-0011,monthly_benchmark_return,DEMO-OPEB,bench_return_m,RRM,-0.0131,%,USD,1,2025-07-31,2025-07-01,2025-07-31,M,Monthly,synthetic,workbook,Inputs_Portfolio,benchmark grid,synthetic generator,2026-08-04,n/a,TWR,net,final,BM-RRM,,ok,,1.3.0,PA-ANALYST-1,PA-LEAD-1,published
REC-0012,monthly_benchmark_return,DEMO-OPEB,bench_return_m,TOTAL,-0.002637,%,USD,1,2025-07-31,2025-07-01,2025-07-31,M,Monthly,calculated,workbook,Calc_Returns,policy-weighted benchmark,workbook formulas,2026-08-04,n/a,TWR,net,final,BM-TOTAL,policy_weighted_sum,ok,,1.3.0,PA-ANALYST-1,PA-LEAD-1,published
REC-0013,monthly_return,DEMO-OPEB,net_return_m,GROWTH,0.0285,%,USD,1,2025-08-31,2025-08-01,2025-08-31,M,Monthly,synthetic,workbook,Inputs_Portfolio,monthly returns grid,synthetic generator,2026-08-04,IBOR,TWR,net,final,,monthly_net_return,ok,,1.3.0,PA-ANALYST-1,PA-LEAD-1,published
REC-0014,monthly_return,DEMO-OPEB,net_return_m,CREDIT,0.0022,%,USD,1,2025-08-31,2025-08-01,2025-08-31,M,Monthly,synthetic,workbook,Inputs_Portfolio,monthly returns grid,synthetic generator,2026-08-04,IBOR,TWR,net,final,,monthly_net_return,ok,,1.3.0,PA-ANALYST-1,PA-LEAD-1,published
REC-0015,monthly_return,DEMO-OPEB,net_return_m,RAIH,0.007,%,USD,1,2025-08-31,2025-08-01,2025-08-31,M,Monthly,synthetic,workbook,Inputs_Portfolio,monthly returns grid,synthetic generator,2026-08-04,IBOR,TWR,net,final,,monthly_net_return,ok,,1.3.0,PA-ANALYST-1,PA-LEAD-1,published
REC-0016,monthly_return,DEMO-OPEB,net_return_m,RRM,-0.0063,%,USD,1,2025-08-31,2025-08-01,2025-08-31,M,Monthly,synthetic,workbook,Inputs_Portfolio,monthly returns grid,synthetic generator,2026-08-04,IBOR,TWR,net,final,,monthly_net_return,ok,,1.3.0,PA-ANALYST-1,PA-LEAD-1,published
REC-0017,monthly_return,DEMO-OPEB,net_return_m,OVERLAY,-0.0018,%,USD,1,2025-08-31,2025-08-01,2025-08-31,M,Monthly,synthetic,workbook,Inputs_Portfolio,monthly returns grid,synthetic generator,2026-08-04,IBOR,TWR,net,final,,monthly_net_return,ok,,1.3.0,PA-ANALYST-1,PA-LEAD-1,published
REC-0018,monthly_return,DEMO-OPEB,net_return_m,OTHER,0,%,USD,1,2025-08-31,2025-08-01,2025-08-31,M,Monthly,synthetic,workbook,Inputs_Portfolio,monthly returns grid,synthetic generator,2026-08-04,IBOR,TWR,net,final,,monthly_net_return,ok,,1.3.0,PA-ANALYST-1,PA-LEAD-1,published
REC-0019,monthly_return,DEMO-OPEB,net_return_m,TOTAL,0.01255551678,%,USD,1,2025-08-31,2025-08-01,2025-08-31,M,Monthly,calculated,workbook,Calc_Returns,TF monthly SUMPRODUCT,workbook formulas,2026-08-04,IBOR,TWR,net,final,,bop_weighted_sum,ok,,1.3.0,PA-ANALYST-1,PA-LEAD-1,published
REC-0020,monthly_benchmark_return,DEMO-OPEB,bench_return_m,GROWTH,0.037,%,USD,1,2025-08-31,2025-08-01,2025-08-31,M,Monthly,synthetic,workbook,Inputs_Portfolio,benchmark grid,synthetic generator,2026-08-04,n/a,TWR,net,final,BM-GROWTH,,ok,,1.3.0,PA-ANALYST-1,PA-LEAD-1,published
REC-0021,monthly_benchmark_return,DEMO-OPEB,bench_return_m,CREDIT,-0.0011,%,USD,1,2025-08-31,2025-08-01,2025-08-31,M,Monthly,synthetic,workbook,Inputs_Portfolio,benchmark grid,synthetic generator,2026-08-04,n/a,TWR,net,final,BM-CREDIT,,ok,,1.3.0,PA-ANALYST-1,PA-LEAD-1,published
REC-0022,monthly_benchmark_return,DEMO-OPEB,bench_return_m,RAIH,0.0091,%,USD,1,2025-08-31,2025-08-01,2025-08-31,M,Monthly,synthetic,workbook,Inputs_Portfolio,benchmark grid,synthetic generator,2026-08-04,n/a,TWR,net,final,BM-RAIH,,ok,,1.3.0,PA-ANALYST-1,PA-LEAD-1,published
REC-0023,monthly_benchmark_return,DEMO-OPEB,bench_return_m,RRM,-0.0065,%,USD,1,2025-08-31,2025-08-01,2025-08-31,M,Monthly,synthetic,workbook,Inputs_Portfolio,benchmark grid,synthetic generator,2026-08-04,n/a,TWR,net,final,BM-RRM,,ok,,1.3.0,PA-ANALYST-1,PA-LEAD-1,published
REC-0024,monthly_benchmark_return,DEMO-OPEB,bench_return_m,TOTAL,0.015967,%,USD,1,2025-08-31,2025-08-01,2025-08-31,M,Monthly,calculated,workbook,Calc_Returns,policy-weighted benchmark,workbook formulas,2026-08-04,n/a,TWR,net,final,BM-TOTAL,policy_weighted_sum,ok,,1.3.0,PA-ANALYST-1,PA-LEAD-1,published
REC-0025,monthly_return,DEMO-OPEB,net_return_m,GROWTH,0.06,%,USD,1,2025-09-30,2025-09-01,2025-09-30,M,Monthly,synthetic,workbook,Inputs_Portfolio,monthly returns grid,synthetic generator,2026-08-04,IBOR,TWR,net,final,,monthly_net_return,ok,,1.3.0,PA-ANALYST-1,PA-LEAD-1,published
REC-0026,monthly_return,DEMO-OPEB,net_return_m,CREDIT,0.017,%,USD,1,2025-09-30,2025-09-01,2025-09-30,M,Monthly,synthetic,workbook,Inputs_Portfolio,monthly returns grid,synthetic generator,2026-08-04,IBOR,TWR,net,final,,monthly_net_return,ok,,1.3.0,PA-ANALYST-1,PA-LEAD-1,published
REC-0027,monthly_return,DEMO-OPEB,net_return_m,RAIH,-0.0036,%,USD,1,2025-09-30,2025-09-01,2025-09-30,M,Monthly,synthetic,workbook,Inputs_Portfolio,monthly returns grid,synthetic generator,2026-08-04,IBOR,TWR,net,final,,monthly_net_return,ok,,1.3.0,PA-ANALYST-1,PA-LEAD-1,published
REC-0028,monthly_return,DEMO-OPEB,net_return_m,RRM,0.0028,%,USD,1,2025-09-30,2025-09-01,2025-09-30,M,Monthly,synthetic,workbook,Inputs_Portfolio,monthly returns grid,synthetic generator,2026-08-04,IBOR,TWR,net,final,,monthly_net_return,ok,,1.3.0,PA-ANALYST-1,PA-LEAD-1,published
REC-0029,monthly_return,DEMO-OPEB,net_return_m,OVERLAY,-0.0016,%,USD,1,2025-09-30,2025-09-01,2025-09-30,M,Monthly,synthetic,workbook,Inputs_Portfolio,monthly returns grid,synthetic generator,2026-08-04,IBOR,TWR,net,final,,monthly_net_return,ok,,1.3.0,PA-ANALYST-1,PA-LEAD-1,published
REC-0030,monthly_return,DEMO-OPEB,net_return_m,OTHER,0,%,USD,1,2025-09-30,2025-09-01,2025-09-30,M,Monthly,synthetic,workbook,Inputs_Portfolio,monthly returns grid,synthetic generator,2026-08-04,IBOR,TWR,net,final,,monthly_net_return,ok,,1.3.0,PA-ANALYST-1,PA-LEAD-1,published
REC-0031,monthly_return,DEMO-OPEB,net_return_m,TOTAL,0.03042591735,%,USD,1,2025-09-30,2025-09-01,2025-09-30,M,Monthly,calculated,workbook,Calc_Returns,TF monthly SUMPRODUCT,workbook formulas,2026-08-04,IBOR,TWR,net,final,,bop_weighted_sum,ok,,1.3.0,PA-ANALYST-1,PA-LEAD-1,published
REC-0032,monthly_benchmark_return,DEMO-OPEB,bench_return_m,GROWTH,0.0662,%,USD,1,2025-09-30,2025-09-01,2025-09-30,M,Monthly,synthetic,workbook,Inputs_Portfolio,benchmark grid,synthetic generator,2026-08-04,n/a,TWR,net,final,BM-GROWTH,,ok,,1.3.0,PA-ANALYST-1,PA-LEAD-1,published
REC-0033,monthly_benchmark_return,DEMO-OPEB,bench_return_m,CREDIT,0.0156,%,USD,1,2025-09-30,2025-09-01,2025-09-30,M,Monthly,synthetic,workbook,Inputs_Portfolio,benchmark grid,synthetic generator,2026-08-04,n/a,TWR,net,final,BM-CREDIT,,ok,,1.3.0,PA-ANALYST-1,PA-LEAD-1,published
REC-0034,monthly_benchmark_return,DEMO-OPEB,bench_return_m,RAIH,-0.0023,%,USD,1,2025-09-30,2025-09-01,2025-09-30,M,Monthly,synthetic,workbook,Inputs_Portfolio,benchmark grid,synthetic generator,2026-08-04,n/a,TWR,net,final,BM-RAIH,,ok,,1.3.0,PA-ANALYST-1,PA-LEAD-1,published
REC-0035,monthly_benchmark_return,DEMO-OPEB,bench_return_m,RRM,0.0025,%,USD,1,2025-09-30,2025-09-01,2025-09-30,M,Monthly,synthetic,workbook,Inputs_Portfolio,benchmark grid,synthetic generator,2026-08-04,n/a,TWR,net,final,BM-RRM,,ok,,1.3.0,PA-ANALYST-1,PA-LEAD-1,published
REC-0036,monthly_benchmark_return,DEMO-OPEB,bench_return_m,TOTAL,0.032637,%,USD,1,2025-09-30,2025-09-01,2025-09-30,M,Monthly,calculated,workbook,Calc_Returns,policy-weighted benchmark,workbook formulas,2026-08-04,n/a,TWR,net,final,BM-TOTAL,policy_weighted_sum,ok,,1.3.0,PA-ANALYST-1,PA-LEAD-1,published
REC-0037,monthly_return,DEMO-OPEB,net_return_m,GROWTH,-0.0181,%,USD,1,2025-10-31,2025-10-01,2025-10-31,M,Monthly,synthetic,workbook,Inputs_Portfolio,monthly returns grid,synthetic generator,2026-08-04,IBOR,TWR,net,final,,monthly_net_return,ok,,1.3.0,PA-ANALYST-1,PA-LEAD-1,published
REC-0038,monthly_return,DEMO-OPEB,net_return_m,CREDIT,0.0061,%,USD,1,2025-10-31,2025-10-01,2025-10-31,M,Monthly,synthetic,workbook,Inputs_Portfolio,monthly returns grid,synthetic generator,2026-08-04,IBOR,TWR,net,final,,monthly_net_return,ok,,1.3.0,PA-ANALYST-1,PA-LEAD-1,published
REC-0039,monthly_return,DEMO-OPEB,net_return_m,RAIH,-0.0078,%,USD,1,2025-10-31,2025-10-01,2025-10-31,M,Monthly,synthetic,workbook,Inputs_Portfolio,monthly returns grid,synthetic generator,2026-08-04,IBOR,TWR,net,final,,monthly_net_return,ok,,1.3.0,PA-ANALYST-1,PA-LEAD-1,published
REC-0040,monthly_return,DEMO-OPEB,net_return_m,RRM,0.0018,%,USD,1,2025-10-31,2025-10-01,2025-10-31,M,Monthly,synthetic,workbook,Inputs_Portfolio,monthly returns grid,synthetic generator,2026-08-04,IBOR,TWR,net,final,,monthly_net_return,ok,,1.3.0,PA-ANALYST-1,PA-LEAD-1,published
REC-0041,monthly_return,DEMO-OPEB,net_return_m,OVERLAY,0.0056,%,USD,1,2025-10-31,2025-10-01,2025-10-31,M,Monthly,synthetic,workbook,Inputs_Portfolio,monthly returns grid,synthetic generator,2026-08-04,IBOR,TWR,net,final,,monthly_net_return,ok,,1.3.0,PA-ANALYST-1,PA-LEAD-1,published
REC-0042,monthly_return,DEMO-OPEB,net_return_m,OTHER,0,%,USD,1,2025-10-31,2025-10-01,2025-10-31,M,Monthly,synthetic,workbook,Inputs_Portfolio,monthly returns grid,synthetic generator,2026-08-04,IBOR,TWR,net,final,,monthly_net_return,ok,,1.3.0,PA-ANALYST-1,PA-LEAD-1,published
REC-0043,monthly_return,DEMO-OPEB,net_return_m,TOTAL,-0.008115227975,%,USD,1,2025-10-31,2025-10-01,2025-10-31,M,Monthly,calculated,workbook,Calc_Returns,TF monthly SUMPRODUCT,workbook formulas,2026-08-04,IBOR,TWR,net,final,,bop_weighted_sum,ok,,1.3.0,PA-ANALYST-1,PA-LEAD-1,published
REC-0044,monthly_benchmark_return,DEMO-OPEB,bench_return_m,GROWTH,-0.0134,%,USD,1,2025-10-31,2025-10-01,2025-10-31,M,Monthly,synthetic,workbook,Inputs_Portfolio,benchmark grid,synthetic generator,2026-08-04,n/a,TWR,net,final,BM-GROWTH,,ok,,1.3.0,PA-ANALYST-1,PA-LEAD-1,published
REC-0045,monthly_benchmark_return,DEMO-OPEB,bench_return_m,CREDIT,0.0049,%,USD,1,2025-10-31,2025-10-01,2025-10-31,M,Monthly,synthetic,workbook,Inputs_Portfolio,benchmark grid,synthetic generator,2026-08-04,n/a,TWR,net,final,BM-CREDIT,,ok,,1.3.0,PA-ANALYST-1,PA-LEAD-1,published
REC-0046,monthly_benchmark_return,DEMO-OPEB,bench_return_m,RAIH,-0.0096,%,USD,1,2025-10-31,2025-10-01,2025-10-31,M,Monthly,synthetic,workbook,Inputs_Portfolio,benchmark grid,synthetic generator,2026-08-04,n/a,TWR,net,final,BM-RAIH,,ok,,1.3.0,PA-ANALYST-1,PA-LEAD-1,published
REC-0047,monthly_benchmark_return,DEMO-OPEB,bench_return_m,RRM,0.009,%,USD,1,2025-10-31,2025-10-01,2025-10-31,M,Monthly,synthetic,workbook,Inputs_Portfolio,benchmark grid,synthetic generator,2026-08-04,n/a,TWR,net,final,BM-RRM,,ok,,1.3.0,PA-ANALYST-1,PA-LEAD-1,published
REC-0048,monthly_benchmark_return,DEMO-OPEB,bench_return_m,TOTAL,-0.004154,%,USD,1,2025-10-31,2025-10-01,2025-10-31,M,Monthly,calculated,workbook,Calc_Returns,policy-weighted benchmark,workbook formulas,2026-08-04,n/a,TWR,net,final,BM-TOTAL,policy_weighted_sum,ok,,1.3.0,PA-ANALYST-1,PA-LEAD-1,published
REC-0049,monthly_return,DEMO-OPEB,net_return_m,GROWTH,0.0089,%,USD,1,2025-11-30,2025-11-01,2025-11-30,M,Monthly,synthetic,workbook,Inputs_Portfolio,monthly returns grid,synthetic generator,2026-08-04,IBOR,TWR,net,final,,monthly_net_return,ok,,1.3.0,PA-ANALYST-1,PA-LEAD-1,published
REC-0050,monthly_return,DEMO-OPEB,net_return_m,CREDIT,0.0157,%,USD,1,2025-11-30,2025-11-01,2025-11-30,M,Monthly,synthetic,workbook,Inputs_Portfolio,monthly returns grid,synthetic generator,2026-08-04,IBOR,TWR,net,final,,monthly_net_return,ok,,1.3.0,PA-ANALYST-1,PA-LEAD-1,published
REC-0051,monthly_return,DEMO-OPEB,net_return_m,RAIH,0.0129,%,USD,1,2025-11-30,2025-11-01,2025-11-30,M,Monthly,synthetic,workbook,Inputs_Portfolio,monthly returns grid,synthetic generator,2026-08-04,IBOR,TWR,net,final,,monthly_net_return,ok,,1.3.0,PA-ANALYST-1,PA-LEAD-1,published
REC-0052,monthly_return,DEMO-OPEB,net_return_m,RRM,0.0084,%,USD,1,2025-11-30,2025-11-01,2025-11-30,M,Monthly,synthetic,workbook,Inputs_Portfolio,monthly returns grid,synthetic generator,2026-08-04,IBOR,TWR,net,final,,monthly_net_return,ok,,1.3.0,PA-ANALYST-1,PA-LEAD-1,published
REC-0053,monthly_return,DEMO-OPEB,net_return_m,OVERLAY,0.0083,%,USD,1,2025-11-30,2025-11-01,2025-11-30,M,Monthly,synthetic,workbook,Inputs_Portfolio,monthly returns grid,synthetic generator,2026-08-04,IBOR,TWR,net,final,,monthly_net_return,ok,,1.3.0,PA-ANALYST-1,PA-LEAD-1,published
REC-0054,monthly_return,DEMO-OPEB,net_return_m,OTHER,0,%,USD,1,2025-11-30,2025-11-01,2025-11-30,M,Monthly,synthetic,workbook,Inputs_Portfolio,monthly returns grid,synthetic generator,2026-08-04,IBOR,TWR,net,final,,monthly_net_return,ok,,1.3.0,PA-ANALYST-1,PA-LEAD-1,published
REC-0055,monthly_return,DEMO-OPEB,net_return_m,TOTAL,0.01034144512,%,USD,1,2025-11-30,2025-11-01,2025-11-30,M,Monthly,calculated,workbook,Calc_Returns,TF monthly SUMPRODUCT,workbook formulas,2026-08-04,IBOR,TWR,net,final,,bop_weighted_sum,ok,,1.3.0,PA-ANALYST-1,PA-LEAD-1,published
REC-0056,monthly_benchmark_return,DEMO-OPEB,bench_return_m,GROWTH,0.0091,%,USD,1,2025-11-30,2025-11-01,2025-11-30,M,Monthly,synthetic,workbook,Inputs_Portfolio,benchmark grid,synthetic generator,2026-08-04,n/a,TWR,net,final,BM-GROWTH,,ok,,1.3.0,PA-ANALYST-1,PA-LEAD-1,published
REC-0057,monthly_benchmark_return,DEMO-OPEB,bench_return_m,CREDIT,0.0064,%,USD,1,2025-11-30,2025-11-01,2025-11-30,M,Monthly,synthetic,workbook,Inputs_Portfolio,benchmark grid,synthetic generator,2026-08-04,n/a,TWR,net,final,BM-CREDIT,,ok,,1.3.0,PA-ANALYST-1,PA-LEAD-1,published
REC-0058,monthly_benchmark_return,DEMO-OPEB,bench_return_m,RAIH,0.016,%,USD,1,2025-11-30,2025-11-01,2025-11-30,M,Monthly,synthetic,workbook,Inputs_Portfolio,benchmark grid,synthetic generator,2026-08-04,n/a,TWR,net,final,BM-RAIH,,ok,,1.3.0,PA-ANALYST-1,PA-LEAD-1,published
REC-0059,monthly_benchmark_return,DEMO-OPEB,bench_return_m,RRM,0.0081,%,USD,1,2025-11-30,2025-11-01,2025-11-30,M,Monthly,synthetic,workbook,Inputs_Portfolio,benchmark grid,synthetic generator,2026-08-04,n/a,TWR,net,final,BM-RRM,,ok,,1.3.0,PA-ANALYST-1,PA-LEAD-1,published
REC-0060,monthly_benchmark_return,DEMO-OPEB,bench_return_m,TOTAL,0.009305,%,USD,1,2025-11-30,2025-11-01,2025-11-30,M,Monthly,calculated,workbook,Calc_Returns,policy-weighted benchmark,workbook formulas,2026-08-04,n/a,TWR,net,final,BM-TOTAL,policy_weighted_sum,ok,,1.3.0,PA-ANALYST-1,PA-LEAD-1,published
REC-0061,monthly_return,DEMO-OPEB,net_return_m,GROWTH,-0.0002,%,USD,1,2025-12-31,2025-12-01,2025-12-31,M,Monthly,synthetic,workbook,Inputs_Portfolio,monthly returns grid,synthetic generator,2026-08-04,IBOR,TWR,net,final,,monthly_net_return,ok,,1.3.0,PA-ANALYST-1,PA-LEAD-1,published
REC-0062,monthly_return,DEMO-OPEB,net_return_m,CREDIT,0.0145,%,USD,1,2025-12-31,2025-12-01,2025-12-31,M,Monthly,synthetic,workbook,Inputs_Portfolio,monthly returns grid,synthetic generator,2026-08-04,IBOR,TWR,net,final,,monthly_net_return,ok,,1.3.0,PA-ANALYST-1,PA-LEAD-1,published
REC-0063,monthly_return,DEMO-OPEB,net_return_m,RAIH,0.0033,%,USD,1,2025-12-31,2025-12-01,2025-12-31,M,Monthly,synthetic,workbook,Inputs_Portfolio,monthly returns grid,synthetic generator,2026-08-04,IBOR,TWR,net,final,,monthly_net_return,ok,,1.3.0,PA-ANALYST-1,PA-LEAD-1,published
REC-0064,monthly_return,DEMO-OPEB,net_return_m,RRM,0.002,%,USD,1,2025-12-31,2025-12-01,2025-12-31,M,Monthly,synthetic,workbook,Inputs_Portfolio,monthly returns grid,synthetic generator,2026-08-04,IBOR,TWR,net,final,,monthly_net_return,ok,,1.3.0,PA-ANALYST-1,PA-LEAD-1,published
REC-0065,monthly_return,DEMO-OPEB,net_return_m,OVERLAY,0.0036,%,USD,1,2025-12-31,2025-12-01,2025-12-31,M,Monthly,synthetic,workbook,Inputs_Portfolio,monthly returns grid,synthetic generator,2026-08-04,IBOR,TWR,net,final,,monthly_net_return,ok,,1.3.0,PA-ANALYST-1,PA-LEAD-1,published
REC-0066,monthly_return,DEMO-OPEB,net_return_m,OTHER,0,%,USD,1,2025-12-31,2025-12-01,2025-12-31,M,Monthly,synthetic,workbook,Inputs_Portfolio,monthly returns grid,synthetic generator,2026-08-04,IBOR,TWR,net,final,,monthly_net_return,ok,,1.3.0,PA-ANALYST-1,PA-LEAD-1,published
REC-0067,monthly_return,DEMO-OPEB,net_return_m,TOTAL,0.003133519356,%,USD,1,2025-12-31,2025-12-01,2025-12-31,M,Monthly,calculated,workbook,Calc_Returns,TF monthly SUMPRODUCT,workbook formulas,2026-08-04,IBOR,TWR,net,final,,bop_weighted_sum,ok,,1.3.0,PA-ANALYST-1,PA-LEAD-1,published
REC-0068,monthly_benchmark_return,DEMO-OPEB,bench_return_m,GROWTH,-0.0009,%,USD,1,2025-12-31,2025-12-01,2025-12-31,M,Monthly,synthetic,workbook,Inputs_Portfolio,benchmark grid,synthetic generator,2026-08-04,n/a,TWR,net,final,BM-GROWTH,,ok,,1.3.0,PA-ANALYST-1,PA-LEAD-1,published
REC-0069,monthly_benchmark_return,DEMO-OPEB,bench_return_m,CREDIT,0.018,%,USD,1,2025-12-31,2025-12-01,2025-12-31,M,Monthly,synthetic,workbook,Inputs_Portfolio,benchmark grid,synthetic generator,2026-08-04,n/a,TWR,net,final,BM-CREDIT,,ok,,1.3.0,PA-ANALYST-1,PA-LEAD-1,published
REC-0070,monthly_benchmark_return,DEMO-OPEB,bench_return_m,RAIH,0.0028,%,USD,1,2025-12-31,2025-12-01,2025-12-31,M,Monthly,synthetic,workbook,Inputs_Portfolio,benchmark grid,synthetic generator,2026-08-04,n/a,TWR,net,final,BM-RAIH,,ok,,1.3.0,PA-ANALYST-1,PA-LEAD-1,published
REC-0071,monthly_benchmark_return,DEMO-OPEB,bench_return_m,RRM,-0.0034,%,USD,1,2025-12-31,2025-12-01,2025-12-31,M,Monthly,synthetic,workbook,Inputs_Portfolio,benchmark grid,synthetic generator,2026-08-04,n/a,TWR,net,final,BM-RRM,,ok,,1.3.0,PA-ANALYST-1,PA-LEAD-1,published
REC-0072,monthly_benchmark_return,DEMO-OPEB,bench_return_m,TOTAL,0.001955,%,USD,1,2025-12-31,2025-12-01,2025-12-31,M,Monthly,calculated,workbook,Calc_Returns,policy-weighted benchmark,workbook formulas,2026-08-04,n/a,TWR,net,final,BM-TOTAL,policy_weighted_sum,ok,,1.3.0,PA-ANALYST-1,PA-LEAD-1,published
REC-0073,monthly_return,DEMO-OPEB,net_return_m,GROWTH,-0.0434,%,USD,1,2026-01-31,2026-01-01,2026-01-31,M,Monthly,synthetic,workbook,Inputs_Portfolio,monthly returns grid,synthetic generator,2026-08-04,IBOR,TWR,net,final,,monthly_net_return,ok,,1.3.0,PA-ANALYST-1,PA-LEAD-1,published
REC-0074,monthly_return,DEMO-OPEB,net_return_m,CREDIT,0.0104,%,USD,1,2026-01-31,2026-01-01,2026-01-31,M,Monthly,synthetic,workbook,Inputs_Portfolio,monthly returns grid,synthetic generator,2026-08-04,IBOR,TWR,net,final,,monthly_net_return,ok,,1.3.0,PA-ANALYST-1,PA-LEAD-1,published
REC-0075,monthly_return,DEMO-OPEB,net_return_m,RAIH,-0.014,%,USD,1,2026-01-31,2026-01-01,2026-01-31,M,Monthly,synthetic,workbook,Inputs_Portfolio,monthly returns grid,synthetic generator,2026-08-04,IBOR,TWR,net,final,,monthly_net_return,ok,,1.3.0,PA-ANALYST-1,PA-LEAD-1,published
REC-0076,monthly_return,DEMO-OPEB,net_return_m,RRM,0.0005,%,USD,1,2026-01-31,2026-01-01,2026-01-31,M,Monthly,synthetic,workbook,Inputs_Portfolio,monthly returns grid,synthetic generator,2026-08-04,IBOR,TWR,net,final,,monthly_net_return,ok,,1.3.0,PA-ANALYST-1,PA-LEAD-1,published
REC-0077,monthly_return,DEMO-OPEB,net_return_m,OVERLAY,0.002,%,USD,1,2026-01-31,2026-01-01,2026-01-31,M,Monthly,synthetic,workbook,Inputs_Portfolio,monthly returns grid,synthetic generator,2026-08-04,IBOR,TWR,net,final,,monthly_net_return,ok,,1.3.0,PA-ANALYST-1,PA-LEAD-1,published
REC-0078,monthly_return,DEMO-OPEB,net_return_m,OTHER,0,%,USD,1,2026-01-31,2026-01-01,2026-01-31,M,Monthly,synthetic,workbook,Inputs_Portfolio,monthly returns grid,synthetic generator,2026-08-04,IBOR,TWR,net,final,,monthly_net_return,ok,,1.3.0,PA-ANALYST-1,PA-LEAD-1,published
REC-0079,monthly_return,DEMO-OPEB,net_return_m,TOTAL,-0.02014372421,%,USD,1,2026-01-31,2026-01-01,2026-01-31,M,Monthly,calculated,workbook,Calc_Returns,TF monthly SUMPRODUCT,workbook formulas,2026-08-04,IBOR,TWR,net,final,,bop_weighted_sum,ok,,1.3.0,PA-ANALYST-1,PA-LEAD-1,published
REC-0080,monthly_benchmark_return,DEMO-OPEB,bench_return_m,GROWTH,-0.0485,%,USD,1,2026-01-31,2026-01-01,2026-01-31,M,Monthly,synthetic,workbook,Inputs_Portfolio,benchmark grid,synthetic generator,2026-08-04,n/a,TWR,net,final,BM-GROWTH,,ok,,1.3.0,PA-ANALYST-1,PA-LEAD-1,published
REC-0081,monthly_benchmark_return,DEMO-OPEB,bench_return_m,CREDIT,0.0095,%,USD,1,2026-01-31,2026-01-01,2026-01-31,M,Monthly,synthetic,workbook,Inputs_Portfolio,benchmark grid,synthetic generator,2026-08-04,n/a,TWR,net,final,BM-CREDIT,,ok,,1.3.0,PA-ANALYST-1,PA-LEAD-1,published
REC-0082,monthly_benchmark_return,DEMO-OPEB,bench_return_m,RAIH,-0.0104,%,USD,1,2026-01-31,2026-01-01,2026-01-31,M,Monthly,synthetic,workbook,Inputs_Portfolio,benchmark grid,synthetic generator,2026-08-04,n/a,TWR,net,final,BM-RAIH,,ok,,1.3.0,PA-ANALYST-1,PA-LEAD-1,published
REC-0083,monthly_benchmark_return,DEMO-OPEB,bench_return_m,RRM,-0.0048,%,USD,1,2026-01-31,2026-01-01,2026-01-31,M,Monthly,synthetic,workbook,Inputs_Portfolio,benchmark grid,synthetic generator,2026-08-04,n/a,TWR,net,final,BM-RRM,,ok,,1.3.0,PA-ANALYST-1,PA-LEAD-1,published
REC-0084,monthly_benchmark_return,DEMO-OPEB,bench_return_m,TOTAL,-0.022958,%,USD,1,2026-01-31,2026-01-01,2026-01-31,M,Monthly,calculated,workbook,Calc_Returns,policy-weighted benchmark,workbook formulas,2026-08-04,n/a,TWR,net,final,BM-TOTAL,policy_weighted_sum,ok,,1.3.0,PA-ANALYST-1,PA-LEAD-1,published
REC-0085,monthly_return,DEMO-OPEB,net_return_m,GROWTH,0.0332,%,USD,1,2026-02-28,2026-02-01,2026-02-28,M,Monthly,synthetic,workbook,Inputs_Portfolio,monthly returns grid,synthetic generator,2026-08-04,IBOR,TWR,net,final,,monthly_net_return,ok,,1.3.0,PA-ANALYST-1,PA-LEAD-1,published
REC-0086,monthly_return,DEMO-OPEB,net_return_m,CREDIT,0.0208,%,USD,1,2026-02-28,2026-02-01,2026-02-28,M,Monthly,synthetic,workbook,Inputs_Portfolio,monthly returns grid,synthetic generator,2026-08-04,IBOR,TWR,net,final,,monthly_net_return,ok,,1.3.0,PA-ANALYST-1,PA-LEAD-1,published
REC-0087,monthly_return,DEMO-OPEB,net_return_m,RAIH,0.0112,%,USD,1,2026-02-28,2026-02-01,2026-02-28,M,Monthly,synthetic,workbook,Inputs_Portfolio,monthly returns grid,synthetic generator,2026-08-04,IBOR,TWR,net,final,,monthly_net_return,ok,,1.3.0,PA-ANALYST-1,PA-LEAD-1,published
REC-0088,monthly_return,DEMO-OPEB,net_return_m,RRM,0.0004,%,USD,1,2026-02-28,2026-02-01,2026-02-28,M,Monthly,synthetic,workbook,Inputs_Portfolio,monthly returns grid,synthetic generator,2026-08-04,IBOR,TWR,net,final,,monthly_net_return,ok,,1.3.0,PA-ANALYST-1,PA-LEAD-1,published
REC-0089,monthly_return,DEMO-OPEB,net_return_m,OVERLAY,0.0002,%,USD,1,2026-02-28,2026-02-01,2026-02-28,M,Monthly,synthetic,workbook,Inputs_Portfolio,monthly returns grid,synthetic generator,2026-08-04,IBOR,TWR,net,final,,monthly_net_return,ok,,1.3.0,PA-ANALYST-1,PA-LEAD-1,published
REC-0090,monthly_return,DEMO-OPEB,net_return_m,OTHER,0,%,USD,1,2026-02-28,2026-02-01,2026-02-28,M,Monthly,synthetic,workbook,Inputs_Portfolio,monthly returns grid,synthetic generator,2026-08-04,IBOR,TWR,net,final,,monthly_net_return,ok,,1.3.0,PA-ANALYST-1,PA-LEAD-1,published
REC-0091,monthly_return,DEMO-OPEB,net_return_m,TOTAL,0.02005049287,%,USD,1,2026-02-28,2026-02-01,2026-02-28,M,Monthly,calculated,workbook,Calc_Returns,TF monthly SUMPRODUCT,workbook formulas,2026-08-04,IBOR,TWR,net,final,,bop_weighted_sum,ok,,1.3.0,PA-ANALYST-1,PA-LEAD-1,published
REC-0092,monthly_benchmark_return,DEMO-OPEB,bench_return_m,GROWTH,0.0385,%,USD,1,2026-02-28,2026-02-01,2026-02-28,M,Monthly,synthetic,workbook,Inputs_Portfolio,benchmark grid,synthetic generator,2026-08-04,n/a,TWR,net,final,BM-GROWTH,,ok,,1.3.0,PA-ANALYST-1,PA-LEAD-1,published
REC-0093,monthly_benchmark_return,DEMO-OPEB,bench_return_m,CREDIT,0.0173,%,USD,1,2026-02-28,2026-02-01,2026-02-28,M,Monthly,synthetic,workbook,Inputs_Portfolio,benchmark grid,synthetic generator,2026-08-04,n/a,TWR,net,final,BM-CREDIT,,ok,,1.3.0,PA-ANALYST-1,PA-LEAD-1,published
REC-0094,monthly_benchmark_return,DEMO-OPEB,bench_return_m,RAIH,0.0132,%,USD,1,2026-02-28,2026-02-01,2026-02-28,M,Monthly,synthetic,workbook,Inputs_Portfolio,benchmark grid,synthetic generator,2026-08-04,n/a,TWR,net,final,BM-RAIH,,ok,,1.3.0,PA-ANALYST-1,PA-LEAD-1,published
REC-0095,monthly_benchmark_return,DEMO-OPEB,bench_return_m,RRM,0.0062,%,USD,1,2026-02-28,2026-02-01,2026-02-28,M,Monthly,synthetic,workbook,Inputs_Portfolio,benchmark grid,synthetic generator,2026-08-04,n/a,TWR,net,final,BM-RRM,,ok,,1.3.0,PA-ANALYST-1,PA-LEAD-1,published
REC-0096,monthly_benchmark_return,DEMO-OPEB,bench_return_m,TOTAL,0.023777,%,USD,1,2026-02-28,2026-02-01,2026-02-28,M,Monthly,calculated,workbook,Calc_Returns,policy-weighted benchmark,workbook formulas,2026-08-04,n/a,TWR,net,final,BM-TOTAL,policy_weighted_sum,ok,,1.3.0,PA-ANALYST-1,PA-LEAD-1,published
REC-0097,monthly_return,DEMO-OPEB,net_return_m,GROWTH,-0.0508,%,USD,1,2026-03-31,2026-03-01,2026-03-31,M,Monthly,synthetic,workbook,Inputs_Portfolio,monthly returns grid,synthetic generator,2026-08-04,IBOR,TWR,net,final,,monthly_net_return,ok,,1.3.0,PA-ANALYST-1,PA-LEAD-1,published
REC-0098,monthly_return,DEMO-OPEB,net_return_m,CREDIT,0.0089,%,USD,1,2026-03-31,2026-03-01,2026-03-31,M,Monthly,synthetic,workbook,Inputs_Portfolio,monthly returns grid,synthetic generator,2026-08-04,IBOR,TWR,net,final,,monthly_net_return,ok,,1.3.0,PA-ANALYST-1,PA-LEAD-1,published
REC-0099,monthly_return,DEMO-OPEB,net_return_m,RAIH,0.0329,%,USD,1,2026-03-31,2026-03-01,2026-03-31,M,Monthly,synthetic,workbook,Inputs_Portfolio,monthly returns grid,synthetic generator,2026-08-04,IBOR,TWR,net,final,,monthly_net_return,ok,,1.3.0,PA-ANALYST-1,PA-LEAD-1,published
REC-0100,monthly_return,DEMO-OPEB,net_return_m,RRM,0.0065,%,USD,1,2026-03-31,2026-03-01,2026-03-31,M,Monthly,synthetic,workbook,Inputs_Portfolio,monthly returns grid,synthetic generator,2026-08-04,IBOR,TWR,net,final,,monthly_net_return,ok,,1.3.0,PA-ANALYST-1,PA-LEAD-1,published
REC-0101,monthly_return,DEMO-OPEB,net_return_m,OVERLAY,0.0062,%,USD,1,2026-03-31,2026-03-01,2026-03-31,M,Monthly,synthetic,workbook,Inputs_Portfolio,monthly returns grid,synthetic generator,2026-08-04,IBOR,TWR,net,final,,monthly_net_return,ok,,1.3.0,PA-ANALYST-1,PA-LEAD-1,published
REC-0102,monthly_return,DEMO-OPEB,net_return_m,OTHER,0,%,USD,1,2026-03-31,2026-03-01,2026-03-31,M,Monthly,synthetic,workbook,Inputs_Portfolio,monthly returns grid,synthetic generator,2026-08-04,IBOR,TWR,net,final,,monthly_net_return,ok,,1.3.0,PA-ANALYST-1,PA-LEAD-1,published
REC-0103,monthly_return,DEMO-OPEB,net_return_m,TOTAL,-0.01612741414,%,USD,1,2026-03-31,2026-03-01,2026-03-31,M,Monthly,calculated,workbook,Calc_Returns,TF monthly SUMPRODUCT,workbook formulas,2026-08-04,IBOR,TWR,net,final,,bop_weighted_sum,ok,,1.3.0,PA-ANALYST-1,PA-LEAD-1,published
REC-0104,monthly_benchmark_return,DEMO-OPEB,bench_return_m,GROWTH,-0.0495,%,USD,1,2026-03-31,2026-03-01,2026-03-31,M,Monthly,synthetic,workbook,Inputs_Portfolio,benchmark grid,synthetic generator,2026-08-04,n/a,TWR,net,final,BM-GROWTH,,ok,,1.3.0,PA-ANALYST-1,PA-LEAD-1,published
REC-0105,monthly_benchmark_return,DEMO-OPEB,bench_return_m,CREDIT,0.0068,%,USD,1,2026-03-31,2026-03-01,2026-03-31,M,Monthly,synthetic,workbook,Inputs_Portfolio,benchmark grid,synthetic generator,2026-08-04,n/a,TWR,net,final,BM-CREDIT,,ok,,1.3.0,PA-ANALYST-1,PA-LEAD-1,published
REC-0106,monthly_benchmark_return,DEMO-OPEB,bench_return_m,RAIH,0.0336,%,USD,1,2026-03-31,2026-03-01,2026-03-31,M,Monthly,synthetic,workbook,Inputs_Portfolio,benchmark grid,synthetic generator,2026-08-04,n/a,TWR,net,final,BM-RAIH,,ok,,1.3.0,PA-ANALYST-1,PA-LEAD-1,published
REC-0107,monthly_benchmark_return,DEMO-OPEB,bench_return_m,RRM,0.0034,%,USD,1,2026-03-31,2026-03-01,2026-03-31,M,Monthly,synthetic,workbook,Inputs_Portfolio,benchmark grid,synthetic generator,2026-08-04,n/a,TWR,net,final,BM-RRM,,ok,,1.3.0,PA-ANALYST-1,PA-LEAD-1,published
REC-0108,monthly_benchmark_return,DEMO-OPEB,bench_return_m,TOTAL,-0.014844,%,USD,1,2026-03-31,2026-03-01,2026-03-31,M,Monthly,calculated,workbook,Calc_Returns,policy-weighted benchmark,workbook formulas,2026-08-04,n/a,TWR,net,final,BM-TOTAL,policy_weighted_sum,ok,,1.3.0,PA-ANALYST-1,PA-LEAD-1,published
REC-0109,monthly_return,DEMO-OPEB,net_return_m,GROWTH,0.0028,%,USD,1,2026-04-30,2026-04-01,2026-04-30,M,Monthly,synthetic,workbook,Inputs_Portfolio,monthly returns grid,synthetic generator,2026-08-04,IBOR,TWR,net,final,,monthly_net_return,ok,,1.3.0,PA-ANALYST-1,PA-LEAD-1,published
REC-0110,monthly_return,DEMO-OPEB,net_return_m,CREDIT,-0.0021,%,USD,1,2026-04-30,2026-04-01,2026-04-30,M,Monthly,synthetic,workbook,Inputs_Portfolio,monthly returns grid,synthetic generator,2026-08-04,IBOR,TWR,net,final,,monthly_net_return,ok,,1.3.0,PA-ANALYST-1,PA-LEAD-1,published
REC-0111,monthly_return,DEMO-OPEB,net_return_m,RAIH,0.0283,%,USD,1,2026-04-30,2026-04-01,2026-04-30,M,Monthly,synthetic,workbook,Inputs_Portfolio,monthly returns grid,synthetic generator,2026-08-04,IBOR,TWR,net,final,,monthly_net_return,ok,,1.3.0,PA-ANALYST-1,PA-LEAD-1,published
REC-0112,monthly_return,DEMO-OPEB,net_return_m,RRM,0.0102,%,USD,1,2026-04-30,2026-04-01,2026-04-30,M,Monthly,synthetic,workbook,Inputs_Portfolio,monthly returns grid,synthetic generator,2026-08-04,IBOR,TWR,net,final,,monthly_net_return,ok,,1.3.0,PA-ANALYST-1,PA-LEAD-1,published
REC-0113,monthly_return,DEMO-OPEB,net_return_m,OVERLAY,-0.0048,%,USD,1,2026-04-30,2026-04-01,2026-04-30,M,Monthly,synthetic,workbook,Inputs_Portfolio,monthly returns grid,synthetic generator,2026-08-04,IBOR,TWR,net,final,,monthly_net_return,ok,,1.3.0,PA-ANALYST-1,PA-LEAD-1,published
REC-0114,monthly_return,DEMO-OPEB,net_return_m,OTHER,0,%,USD,1,2026-04-30,2026-04-01,2026-04-30,M,Monthly,synthetic,workbook,Inputs_Portfolio,monthly returns grid,synthetic generator,2026-08-04,IBOR,TWR,net,final,,monthly_net_return,ok,,1.3.0,PA-ANALYST-1,PA-LEAD-1,published
REC-0115,monthly_return,DEMO-OPEB,net_return_m,TOTAL,0.007124391874,%,USD,1,2026-04-30,2026-04-01,2026-04-30,M,Monthly,calculated,workbook,Calc_Returns,TF monthly SUMPRODUCT,workbook formulas,2026-08-04,IBOR,TWR,net,final,,bop_weighted_sum,ok,,1.3.0,PA-ANALYST-1,PA-LEAD-1,published
REC-0116,monthly_benchmark_return,DEMO-OPEB,bench_return_m,GROWTH,0.0084,%,USD,1,2026-04-30,2026-04-01,2026-04-30,M,Monthly,synthetic,workbook,Inputs_Portfolio,benchmark grid,synthetic generator,2026-08-04,n/a,TWR,net,final,BM-GROWTH,,ok,,1.3.0,PA-ANALYST-1,PA-LEAD-1,published
REC-0117,monthly_benchmark_return,DEMO-OPEB,bench_return_m,CREDIT,-0.0023,%,USD,1,2026-04-30,2026-04-01,2026-04-30,M,Monthly,synthetic,workbook,Inputs_Portfolio,benchmark grid,synthetic generator,2026-08-04,n/a,TWR,net,final,BM-CREDIT,,ok,,1.3.0,PA-ANALYST-1,PA-LEAD-1,published
REC-0118,monthly_benchmark_return,DEMO-OPEB,bench_return_m,RAIH,0.028,%,USD,1,2026-04-30,2026-04-01,2026-04-30,M,Monthly,synthetic,workbook,Inputs_Portfolio,benchmark grid,synthetic generator,2026-08-04,n/a,TWR,net,final,BM-RAIH,,ok,,1.3.0,PA-ANALYST-1,PA-LEAD-1,published
REC-0119,monthly_benchmark_return,DEMO-OPEB,bench_return_m,RRM,0.0082,%,USD,1,2026-04-30,2026-04-01,2026-04-30,M,Monthly,synthetic,workbook,Inputs_Portfolio,benchmark grid,synthetic generator,2026-08-04,n/a,TWR,net,final,BM-RRM,,ok,,1.3.0,PA-ANALYST-1,PA-LEAD-1,published
REC-0120,monthly_benchmark_return,DEMO-OPEB,bench_return_m,TOTAL,0.009772,%,USD,1,2026-04-30,2026-04-01,2026-04-30,M,Monthly,calculated,workbook,Calc_Returns,policy-weighted benchmark,workbook formulas,2026-08-04,n/a,TWR,net,final,BM-TOTAL,policy_weighted_sum,ok,,1.3.0,PA-ANALYST-1,PA-LEAD-1,published
REC-0121,monthly_return,DEMO-OPEB,net_return_m,GROWTH,0.0452,%,USD,1,2026-05-31,2026-05-01,2026-05-31,M,Monthly,synthetic,workbook,Inputs_Portfolio,monthly returns grid,synthetic generator,2026-08-04,IBOR,TWR,net,final,,monthly_net_return,ok,,1.3.0,PA-ANALYST-1,PA-LEAD-1,published
REC-0122,monthly_return,DEMO-OPEB,net_return_m,CREDIT,0.0159,%,USD,1,2026-05-31,2026-05-01,2026-05-31,M,Monthly,synthetic,workbook,Inputs_Portfolio,monthly returns grid,synthetic generator,2026-08-04,IBOR,TWR,net,final,,monthly_net_return,ok,,1.3.0,PA-ANALYST-1,PA-LEAD-1,published
REC-0123,monthly_return,DEMO-OPEB,net_return_m,RAIH,0.0109,%,USD,1,2026-05-31,2026-05-01,2026-05-31,M,Monthly,synthetic,workbook,Inputs_Portfolio,monthly returns grid,synthetic generator,2026-08-04,IBOR,TWR,net,final,,monthly_net_return,ok,,1.3.0,PA-ANALYST-1,PA-LEAD-1,published
REC-0124,monthly_return,DEMO-OPEB,net_return_m,RRM,-0.0044,%,USD,1,2026-05-31,2026-05-01,2026-05-31,M,Monthly,synthetic,workbook,Inputs_Portfolio,monthly returns grid,synthetic generator,2026-08-04,IBOR,TWR,net,final,,monthly_net_return,ok,,1.3.0,PA-ANALYST-1,PA-LEAD-1,published
REC-0125,monthly_return,DEMO-OPEB,net_return_m,OVERLAY,0.0015,%,USD,1,2026-05-31,2026-05-01,2026-05-31,M,Monthly,synthetic,workbook,Inputs_Portfolio,monthly returns grid,synthetic generator,2026-08-04,IBOR,TWR,net,final,,monthly_net_return,ok,,1.3.0,PA-ANALYST-1,PA-LEAD-1,published
REC-0126,monthly_return,DEMO-OPEB,net_return_m,OTHER,0,%,USD,1,2026-05-31,2026-05-01,2026-05-31,M,Monthly,synthetic,workbook,Inputs_Portfolio,monthly returns grid,synthetic generator,2026-08-04,IBOR,TWR,net,final,,monthly_net_return,ok,,1.3.0,PA-ANALYST-1,PA-LEAD-1,published
REC-0127,monthly_return,DEMO-OPEB,net_return_m,TOTAL,0.02304211014,%,USD,1,2026-05-31,2026-05-01,2026-05-31,M,Monthly,calculated,workbook,Calc_Returns,TF monthly SUMPRODUCT,workbook formulas,2026-08-04,IBOR,TWR,net,final,,bop_weighted_sum,ok,,1.3.0,PA-ANALYST-1,PA-LEAD-1,published
REC-0128,monthly_benchmark_return,DEMO-OPEB,bench_return_m,GROWTH,0.0468,%,USD,1,2026-05-31,2026-05-01,2026-05-31,M,Monthly,synthetic,workbook,Inputs_Portfolio,benchmark grid,synthetic generator,2026-08-04,n/a,TWR,net,final,BM-GROWTH,,ok,,1.3.0,PA-ANALYST-1,PA-LEAD-1,published
REC-0129,monthly_benchmark_return,DEMO-OPEB,bench_return_m,CREDIT,0.0186,%,USD,1,2026-05-31,2026-05-01,2026-05-31,M,Monthly,synthetic,workbook,Inputs_Portfolio,benchmark grid,synthetic generator,2026-08-04,n/a,TWR,net,final,BM-CREDIT,,ok,,1.3.0,PA-ANALYST-1,PA-LEAD-1,published
REC-0130,monthly_benchmark_return,DEMO-OPEB,bench_return_m,RAIH,0.0136,%,USD,1,2026-05-31,2026-05-01,2026-05-31,M,Monthly,synthetic,workbook,Inputs_Portfolio,benchmark grid,synthetic generator,2026-08-04,n/a,TWR,net,final,BM-RAIH,,ok,,1.3.0,PA-ANALYST-1,PA-LEAD-1,published
REC-0131,monthly_benchmark_return,DEMO-OPEB,bench_return_m,RRM,-0.0021,%,USD,1,2026-05-31,2026-05-01,2026-05-31,M,Monthly,synthetic,workbook,Inputs_Portfolio,benchmark grid,synthetic generator,2026-08-04,n/a,TWR,net,final,BM-RRM,,ok,,1.3.0,PA-ANALYST-1,PA-LEAD-1,published
REC-0132,monthly_benchmark_return,DEMO-OPEB,bench_return_m,TOTAL,0.0260145,%,USD,1,2026-05-31,2026-05-01,2026-05-31,M,Monthly,calculated,workbook,Calc_Returns,policy-weighted benchmark,workbook formulas,2026-08-04,n/a,TWR,net,final,BM-TOTAL,policy_weighted_sum,ok,,1.3.0,PA-ANALYST-1,PA-LEAD-1,published
REC-0133,monthly_return,DEMO-OPEB,net_return_m,GROWTH,0.0008,%,USD,1,2026-06-30,2026-06-01,2026-06-30,M,Monthly,synthetic,workbook,Inputs_Portfolio,monthly returns grid,synthetic generator,2026-08-04,IBOR,TWR,net,final,,monthly_net_return,ok,,1.3.0,PA-ANALYST-1,PA-LEAD-1,published
REC-0134,monthly_return,DEMO-OPEB,net_return_m,CREDIT,0.0176,%,USD,1,2026-06-30,2026-06-01,2026-06-30,M,Monthly,synthetic,workbook,Inputs_Portfolio,monthly returns grid,synthetic generator,2026-08-04,IBOR,TWR,net,final,,monthly_net_return,ok,,1.3.0,PA-ANALYST-1,PA-LEAD-1,published
REC-0135,monthly_return,DEMO-OPEB,net_return_m,RAIH,-0.0001,%,USD,1,2026-06-30,2026-06-01,2026-06-30,M,Monthly,synthetic,workbook,Inputs_Portfolio,monthly returns grid,synthetic generator,2026-08-04,IBOR,TWR,net,final,,monthly_net_return,ok,,1.3.0,PA-ANALYST-1,PA-LEAD-1,published
REC-0136,monthly_return,DEMO-OPEB,net_return_m,RRM,-0.0017,%,USD,1,2026-06-30,2026-06-01,2026-06-30,M,Monthly,synthetic,workbook,Inputs_Portfolio,monthly returns grid,synthetic generator,2026-08-04,IBOR,TWR,net,final,,monthly_net_return,ok,,1.3.0,PA-ANALYST-1,PA-LEAD-1,published
REC-0137,monthly_return,DEMO-OPEB,net_return_m,OVERLAY,0.0031,%,USD,1,2026-06-30,2026-06-01,2026-06-30,M,Monthly,synthetic,workbook,Inputs_Portfolio,monthly returns grid,synthetic generator,2026-08-04,IBOR,TWR,net,final,,monthly_net_return,ok,,1.3.0,PA-ANALYST-1,PA-LEAD-1,published
REC-0138,monthly_return,DEMO-OPEB,net_return_m,OTHER,0,%,USD,1,2026-06-30,2026-06-01,2026-06-30,M,Monthly,synthetic,workbook,Inputs_Portfolio,monthly returns grid,synthetic generator,2026-08-04,IBOR,TWR,net,final,,monthly_net_return,ok,,1.3.0,PA-ANALYST-1,PA-LEAD-1,published
REC-0139,monthly_return,DEMO-OPEB,net_return_m,TOTAL,0.002905793938,%,USD,1,2026-06-30,2026-06-01,2026-06-30,M,Monthly,calculated,workbook,Calc_Returns,TF monthly SUMPRODUCT,workbook formulas,2026-08-04,IBOR,TWR,net,final,,bop_weighted_sum,ok,,1.3.0,PA-ANALYST-1,PA-LEAD-1,published
REC-0140,monthly_benchmark_return,DEMO-OPEB,bench_return_m,GROWTH,0.0094,%,USD,1,2026-06-30,2026-06-01,2026-06-30,M,Monthly,synthetic,workbook,Inputs_Portfolio,benchmark grid,synthetic generator,2026-08-04,n/a,TWR,net,final,BM-GROWTH,,ok,,1.3.0,PA-ANALYST-1,PA-LEAD-1,published
REC-0141,monthly_benchmark_return,DEMO-OPEB,bench_return_m,CREDIT,0.0153,%,USD,1,2026-06-30,2026-06-01,2026-06-30,M,Monthly,synthetic,workbook,Inputs_Portfolio,benchmark grid,synthetic generator,2026-08-04,n/a,TWR,net,final,BM-CREDIT,,ok,,1.3.0,PA-ANALYST-1,PA-LEAD-1,published
REC-0142,monthly_benchmark_return,DEMO-OPEB,bench_return_m,RAIH,0.0001,%,USD,1,2026-06-30,2026-06-01,2026-06-30,M,Monthly,synthetic,workbook,Inputs_Portfolio,benchmark grid,synthetic generator,2026-08-04,n/a,TWR,net,final,BM-RAIH,,ok,,1.3.0,PA-ANALYST-1,PA-LEAD-1,published
REC-0143,monthly_benchmark_return,DEMO-OPEB,bench_return_m,RRM,-0.0052,%,USD,1,2026-06-30,2026-06-01,2026-06-30,M,Monthly,synthetic,workbook,Inputs_Portfolio,benchmark grid,synthetic generator,2026-08-04,n/a,TWR,net,final,BM-RRM,,ok,,1.3.0,PA-ANALYST-1,PA-LEAD-1,published
REC-0144,monthly_benchmark_return,DEMO-OPEB,bench_return_m,TOTAL,0.0057295,%,USD,1,2026-06-30,2026-06-01,2026-06-30,M,Monthly,calculated,workbook,Calc_Returns,policy-weighted benchmark,workbook formulas,2026-08-04,n/a,TWR,net,final,BM-TOTAL,policy_weighted_sum,ok,,1.3.0,PA-ANALYST-1,PA-LEAD-1,published
REC-0145,period_return,DEMO-OPEB,net_return,TOTAL,0.002905793938,%,USD,1,2026-06-30,2026-06-01,2026-06-30,1M,Monthly,calculated,workbook,Calc_Returns,period results,workbook formulas,2026-08-04,IBOR,TWR,net,final,,chain_linked,ok,,1.3.0,PA-ANALYST-1,PA-LEAD-1,published
REC-0146,period_return,DEMO-OPEB,bench_return,TOTAL,0.0057295,%,USD,1,2026-06-30,2026-06-01,2026-06-30,1M,Monthly,calculated,workbook,Calc_Returns,period results,workbook formulas,2026-08-04,n/a,TWR,net,final,BM-TOTAL,chain_linked,ok,,1.3.0,PA-ANALYST-1,PA-LEAD-1,published
REC-0147,period_return,DEMO-OPEB,hurdle_return,TOTAL,0.004867550565,%,USD,1,2026-06-30,2026-06-01,2026-06-30,1M,Monthly,synthetic,workbook,Policy_Targets,hurdle assumption,synthetic assumption,2026-08-04,n/a,n/a,n/a,final,,geometric_scaling,ok,,1.3.0,PA-ANALYST-1,PA-LEAD-1,published
REC-0148,period_return,DEMO-OPEB,net_return,TOTAL,0.03332459163,%,USD,1,2026-06-30,2026-04-01,2026-06-30,QTD,Monthly,calculated,workbook,Calc_Returns,period results,workbook formulas,2026-08-04,IBOR,TWR,net,final,,chain_linked,ok,,1.3.0,PA-ANALYST-1,PA-LEAD-1,published
REC-0149,period_return,DEMO-OPEB,bench_return,TOTAL,0.04197670896,%,USD,1,2026-06-30,2026-04-01,2026-06-30,QTD,Monthly,calculated,workbook,Calc_Returns,period results,workbook formulas,2026-08-04,n/a,TWR,net,final,BM-TOTAL,chain_linked,ok,,1.3.0,PA-ANALYST-1,PA-LEAD-1,published
REC-0150,period_return,DEMO-OPEB,hurdle_return,TOTAL,0.01467384617,%,USD,1,2026-06-30,2026-04-01,2026-06-30,QTD,Monthly,synthetic,workbook,Policy_Targets,hurdle assumption,synthetic assumption,2026-08-04,n/a,n/a,n/a,final,,geometric_scaling,ok,,1.3.0,PA-ANALYST-1,PA-LEAD-1,published
REC-0151,period_return,DEMO-OPEB,net_return,TOTAL,0.06335527845,%,USD,1,2026-06-30,2025-07-01,2026-06-30,FYTD,Monthly,calculated,workbook,Calc_Returns,period results,workbook formulas,2026-08-04,IBOR,TWR,net,final,,chain_linked,ok,,1.3.0,PA-ANALYST-1,PA-LEAD-1,published
REC-0152,period_return,DEMO-OPEB,bench_return,TOTAL,0.08199432046,%,USD,1,2026-06-30,2025-07-01,2026-06-30,FYTD,Monthly,calculated,workbook,Calc_Returns,period results,workbook formulas,2026-08-04,n/a,TWR,net,final,BM-TOTAL,chain_linked,ok,,1.3.0,PA-ANALYST-1,PA-LEAD-1,published
REC-0153,period_return,DEMO-OPEB,hurdle_return,TOTAL,0.06,%,USD,1,2026-06-30,2025-07-01,2026-06-30,FYTD,Monthly,synthetic,workbook,Policy_Targets,hurdle assumption,synthetic assumption,2026-08-04,n/a,n/a,n/a,final,,geometric_scaling,ok,,1.3.0,PA-ANALYST-1,PA-LEAD-1,published
REC-0154,allocation,DEMO-OPEB,emv,GROWTH,478.7942568,$mm,USD,mm,2026-06-30,,,M,Monthly,calculated,workbook,Calc_Allocation,EMV link,workbook formulas,2026-08-04,IBOR,n/a,n/a,final,,,ok,,1.3.0,PA-ANALYST-1,PA-LEAD-1,published
REC-0155,allocation,DEMO-OPEB,weight_actual,GROWTH,0.4502674379,%,USD,1,2026-06-30,,,M,Monthly,calculated,workbook,Calc_Allocation,actual %,workbook formulas,2026-08-04,n/a,n/a,n/a,final,,,ok,,1.3.0,PA-ANALYST-1,PA-LEAD-1,published
REC-0156,allocation,DEMO-OPEB,weight_target,GROWTH,0.45,%,USD,1,2026-06-30,,,M,Monthly,synthetic,workbook,Policy_Targets,effective-dated target,synthetic assumption,2026-08-04,n/a,n/a,n/a,final,,,ok,,1.3.0,PA-ANALYST-1,PA-LEAD-1,published
REC-0157,allocation,DEMO-OPEB,over_under_pct,GROWTH,0.0002674378727,%,USD,1,2026-06-30,,,M,Monthly,calculated,workbook,Calc_Allocation,over/under,workbook formulas,2026-08-04,n/a,n/a,n/a,final,,,ok,,1.3.0,PA-ANALYST-1,PA-LEAD-1,published
REC-0158,allocation,DEMO-OPEB,emv,CREDIT,180.999347,$mm,USD,mm,2026-06-30,,,M,Monthly,calculated,workbook,Calc_Allocation,EMV link,workbook formulas,2026-08-04,IBOR,n/a,n/a,final,,,ok,,1.3.0,PA-ANALYST-1,PA-LEAD-1,published
REC-0159,allocation,DEMO-OPEB,weight_actual,CREDIT,0.1702153087,%,USD,1,2026-06-30,,,M,Monthly,calculated,workbook,Calc_Allocation,actual %,workbook formulas,2026-08-04,n/a,n/a,n/a,final,,,ok,,1.3.0,PA-ANALYST-1,PA-LEAD-1,published
REC-0160,allocation,DEMO-OPEB,weight_target,CREDIT,0.17,%,USD,1,2026-06-30,,,M,Monthly,synthetic,workbook,Policy_Targets,effective-dated target,synthetic assumption,2026-08-04,n/a,n/a,n/a,final,,,ok,,1.3.0,PA-ANALYST-1,PA-LEAD-1,published
REC-0161,allocation,DEMO-OPEB,over_under_pct,CREDIT,0.0002153087249,%,USD,1,2026-06-30,,,M,Monthly,calculated,workbook,Calc_Allocation,over/under,workbook formulas,2026-08-04,n/a,n/a,n/a,final,,,ok,,1.3.0,PA-ANALYST-1,PA-LEAD-1,published
REC-0162,allocation,DEMO-OPEB,emv,RAIH,141.7012825,$mm,USD,mm,2026-06-30,,,M,Monthly,calculated,workbook,Calc_Allocation,EMV link,workbook formulas,2026-08-04,IBOR,n/a,n/a,final,,,ok,,1.3.0,PA-ANALYST-1,PA-LEAD-1,published
REC-0163,allocation,DEMO-OPEB,weight_actual,RAIH,0.133258644,%,USD,1,2026-06-30,,,M,Monthly,calculated,workbook,Calc_Allocation,actual %,workbook formulas,2026-08-04,n/a,n/a,n/a,final,,,ok,,1.3.0,PA-ANALYST-1,PA-LEAD-1,published
REC-0164,allocation,DEMO-OPEB,weight_target,RAIH,0.165,%,USD,1,2026-06-30,,,M,Monthly,synthetic,workbook,Policy_Targets,effective-dated target,synthetic assumption,2026-08-04,n/a,n/a,n/a,final,,,ok,,1.3.0,PA-ANALYST-1,PA-LEAD-1,published
REC-0165,allocation,DEMO-OPEB,over_under_pct,RAIH,-0.03174135596,%,USD,1,2026-06-30,,,M,Monthly,calculated,workbook,Calc_Allocation,over/under,workbook formulas,2026-08-04,n/a,n/a,n/a,final,,,ok,,1.3.0,PA-ANALYST-1,PA-LEAD-1,published
REC-0166,allocation,DEMO-OPEB,emv,RRM,254.7691003,$mm,USD,mm,2026-06-30,,,M,Monthly,calculated,workbook,Calc_Allocation,EMV link,workbook formulas,2026-08-04,IBOR,n/a,n/a,final,,,ok,,1.3.0,PA-ANALYST-1,PA-LEAD-1,published
REC-0167,allocation,DEMO-OPEB,weight_actual,RRM,0.2395898205,%,USD,1,2026-06-30,,,M,Monthly,calculated,workbook,Calc_Allocation,actual %,workbook formulas,2026-08-04,n/a,n/a,n/a,final,,,ok,,1.3.0,PA-ANALYST-1,PA-LEAD-1,published
REC-0168,allocation,DEMO-OPEB,weight_target,RRM,0.215,%,USD,1,2026-06-30,,,M,Monthly,synthetic,workbook,Policy_Targets,effective-dated target,synthetic assumption,2026-08-04,n/a,n/a,n/a,final,,,ok,,1.3.0,PA-ANALYST-1,PA-LEAD-1,published
REC-0169,allocation,DEMO-OPEB,over_under_pct,RRM,0.02458982047,%,USD,1,2026-06-30,,,M,Monthly,calculated,workbook,Calc_Allocation,over/under,workbook formulas,2026-08-04,n/a,n/a,n/a,final,,,ok,,1.3.0,PA-ANALYST-1,PA-LEAD-1,published
REC-0170,allocation,DEMO-OPEB,emv,OVERLAY,5.091291876,$mm,USD,mm,2026-06-30,,,M,Monthly,calculated,workbook,Calc_Allocation,EMV link,workbook formulas,2026-08-04,IBOR,n/a,n/a,final,,,ok,,1.3.0,PA-ANALYST-1,PA-LEAD-1,published
REC-0171,allocation,DEMO-OPEB,weight_actual,OVERLAY,0.004787949972,%,USD,1,2026-06-30,,,M,Monthly,calculated,workbook,Calc_Allocation,actual %,workbook formulas,2026-08-04,n/a,n/a,n/a,final,,,ok,,1.3.0,PA-ANALYST-1,PA-LEAD-1,published
REC-0172,allocation,DEMO-OPEB,weight_target,OVERLAY,0,%,USD,1,2026-06-30,,,M,Monthly,synthetic,workbook,Policy_Targets,effective-dated target,synthetic assumption,2026-08-04,n/a,n/a,n/a,final,,,ok,,1.3.0,PA-ANALYST-1,PA-LEAD-1,published
REC-0173,allocation,DEMO-OPEB,over_under_pct,OVERLAY,0.004787949972,%,USD,1,2026-06-30,,,M,Monthly,calculated,workbook,Calc_Allocation,over/under,workbook formulas,2026-08-04,n/a,n/a,n/a,final,,,ok,,1.3.0,PA-ANALYST-1,PA-LEAD-1,published
REC-0174,allocation,DEMO-OPEB,emv,OTHER,2,$mm,USD,mm,2026-06-30,,,M,Monthly,calculated,workbook,Calc_Allocation,EMV link,workbook formulas,2026-08-04,IBOR,n/a,n/a,final,,,ok,,1.3.0,PA-ANALYST-1,PA-LEAD-1,published
REC-0175,allocation,DEMO-OPEB,weight_actual,OTHER,0.001880838926,%,USD,1,2026-06-30,,,M,Monthly,calculated,workbook,Calc_Allocation,actual %,workbook formulas,2026-08-04,n/a,n/a,n/a,final,,,ok,,1.3.0,PA-ANALYST-1,PA-LEAD-1,published
REC-0176,allocation,DEMO-OPEB,weight_target,OTHER,0,%,USD,1,2026-06-30,,,M,Monthly,synthetic,workbook,Policy_Targets,effective-dated target,synthetic assumption,2026-08-04,n/a,n/a,n/a,final,,,ok,,1.3.0,PA-ANALYST-1,PA-LEAD-1,published
REC-0177,allocation,DEMO-OPEB,over_under_pct,OTHER,0.001880838926,%,USD,1,2026-06-30,,,M,Monthly,calculated,workbook,Calc_Allocation,over/under,workbook formulas,2026-08-04,n/a,n/a,n/a,final,,,ok,,1.3.0,PA-ANALYST-1,PA-LEAD-1,published
REC-0178,contribution_qtd,DEMO-OPEB,contribution,GROWTH,0.02156546841,%,USD,1,2026-06-30,2026-04-01,2026-06-30,QTD,Quarterly,calculated,workbook,Calc_Contribution,QTD contribution,workbook formulas,2026-08-04,n/a,n/a,n/a,final,,bop_weight_x_return_sum,ok,,1.3.0,PA-ANALYST-1,PA-LEAD-1,published
REC-0179,contribution_qtd,DEMO-OPEB,contribution,CREDIT,0.005280578199,%,USD,1,2026-06-30,2026-04-01,2026-06-30,QTD,Quarterly,calculated,workbook,Calc_Contribution,QTD contribution,workbook formulas,2026-08-04,n/a,n/a,n/a,final,,bop_weight_x_return_sum,ok,,1.3.0,PA-ANALYST-1,PA-LEAD-1,published
REC-0180,contribution_qtd,DEMO-OPEB,contribution,RAIH,0.005210178763,%,USD,1,2026-06-30,2026-04-01,2026-06-30,QTD,Quarterly,calculated,workbook,Calc_Contribution,QTD contribution,workbook formulas,2026-08-04,n/a,n/a,n/a,final,,bop_weight_x_return_sum,ok,,1.3.0,PA-ANALYST-1,PA-LEAD-1,published
REC-0181,contribution_qtd,DEMO-OPEB,contribution,RRM,0.001017649018,%,USD,1,2026-06-30,2026-04-01,2026-06-30,QTD,Quarterly,calculated,workbook,Calc_Contribution,QTD contribution,workbook formulas,2026-08-04,n/a,n/a,n/a,final,,bop_weight_x_return_sum,ok,,1.3.0,PA-ANALYST-1,PA-LEAD-1,published
REC-0182,contribution_qtd,DEMO-OPEB,contribution,OVERLAY,-1.578438174e-06,%,USD,1,2026-06-30,2026-04-01,2026-06-30,QTD,Quarterly,calculated,workbook,Calc_Contribution,QTD contribution,workbook formulas,2026-08-04,n/a,n/a,n/a,final,,bop_weight_x_return_sum,ok,,1.3.0,PA-ANALYST-1,PA-LEAD-1,published
REC-0183,contribution_qtd,DEMO-OPEB,contribution,OTHER,0,%,USD,1,2026-06-30,2026-04-01,2026-06-30,QTD,Quarterly,calculated,workbook,Calc_Contribution,QTD contribution,workbook formulas,2026-08-04,n/a,n/a,n/a,final,,bop_weight_x_return_sum,ok,,1.3.0,PA-ANALYST-1,PA-LEAD-1,published
REC-0184,contribution_qtd,DEMO-OPEB,contribution_arith_total,TOTAL,0.03307229595,%,USD,1,2026-06-30,2026-04-01,2026-06-30,QTD,Quarterly,calculated,workbook,Calc_Contribution,arithmetic total,workbook formulas,2026-08-04,n/a,n/a,n/a,final,,,ok,,1.3.0,PA-ANALYST-1,PA-LEAD-1,published
REC-0185,contribution_qtd,DEMO-OPEB,return_chain_linked,TOTAL,0.03332459163,%,USD,1,2026-06-30,2026-04-01,2026-06-30,QTD,Quarterly,calculated,workbook,Calc_Returns,chain-linked QTD,workbook formulas,2026-08-04,n/a,n/a,n/a,final,,chain_linked,ok,,1.3.0,PA-ANALYST-1,PA-LEAD-1,published
REC-0186,contribution_qtd,DEMO-OPEB,residual,TOTAL,0.000252295679,%,USD,1,2026-06-30,2026-04-01,2026-06-30,QTD,Quarterly,calculated,workbook,Calc_Contribution,compounding residual,workbook formulas,2026-08-04,n/a,n/a,n/a,final,,,ok,,1.3.0,PA-ANALYST-1,PA-LEAD-1,published
REC-0187,market_close,DEMO-OPEB,close,DEMO-EQ-GLOBAL,100.537,px,USD,1,2026-06-01,,,D,Daily,synthetic,workbook,Inputs_Market,synthetic proxy series,synthetic generator,2026-08-04,n/a,n/a,n/a,final,,,ok,Growth,1.3.0,PA-ANALYST-1,PA-LEAD-1,published
REC-0188,market_close,DEMO-OPEB,close,DEMO-EQ-SMALL,79.85,px,USD,1,2026-06-01,,,D,Daily,synthetic,workbook,Inputs_Market,synthetic proxy series,synthetic generator,2026-08-04,n/a,n/a,n/a,final,,,ok,Growth,1.3.0,PA-ANALYST-1,PA-LEAD-1,published
REC-0189,market_close,DEMO-OPEB,close,DEMO-BOND-AGG,95.0277,px,USD,1,2026-06-01,,,D,Daily,synthetic,workbook,Inputs_Market,synthetic proxy series,synthetic generator,2026-08-04,n/a,n/a,n/a,final,,,ok,Risk Reduction & Mitigation,1.3.0,PA-ANALYST-1,PA-LEAD-1,published
REC-0190,market_close,DEMO-OPEB,close,DEMO-GOLD,121.0567,px,USD,1,2026-06-01,,,D,Daily,synthetic,workbook,Inputs_Market,synthetic proxy series,synthetic generator,2026-08-04,n/a,n/a,n/a,final,,,ok,Real Assets & Inflation Hedges,1.3.0,PA-ANALYST-1,PA-LEAD-1,published
REC-0191,market_close,DEMO-OPEB,close,DEMO-OIL,60.5693,px,USD,1,2026-06-01,,,D,Daily,synthetic,workbook,Inputs_Market,synthetic proxy series,synthetic generator,2026-08-04,n/a,n/a,n/a,final,,,ok,Real Assets & Inflation Hedges,1.3.0,PA-ANALYST-1,PA-LEAD-1,published
REC-0192,market_close,DEMO-OPEB,close,DEMO-USD,28.1916,px,USD,1,2026-06-01,,,D,Daily,synthetic,workbook,Inputs_Market,synthetic proxy series,synthetic generator,2026-08-04,n/a,n/a,n/a,final,,,ok,Cross-portfolio / FX,1.3.0,PA-ANALYST-1,PA-LEAD-1,published
REC-0193,market_close,DEMO-OPEB,close,DEMO-EQ-GLOBAL,101.3303,px,USD,1,2026-06-02,,,D,Daily,synthetic,workbook,Inputs_Market,synthetic proxy series,synthetic generator,2026-08-04,n/a,n/a,n/a,final,,,ok,Growth,1.3.0,PA-ANALYST-1,PA-LEAD-1,published
REC-0194,market_close,DEMO-OPEB,close,DEMO-EQ-SMALL,78.8699,px,USD,1,2026-06-02,,,D,Daily,synthetic,workbook,Inputs_Market,synthetic proxy series,synthetic generator,2026-08-04,n/a,n/a,n/a,final,,,ok,Growth,1.3.0,PA-ANALYST-1,PA-LEAD-1,published
REC-0195,market_close,DEMO-OPEB,close,DEMO-BOND-AGG,94.3492,px,USD,1,2026-06-02,,,D,Daily,synthetic,workbook,Inputs_Market,synthetic proxy series,synthetic generator,2026-08-04,n/a,n/a,n/a,final,,,ok,Risk Reduction & Mitigation,1.3.0,PA-ANALYST-1,PA-LEAD-1,published
REC-0196,market_close,DEMO-OPEB,close,DEMO-GOLD,121.3398,px,USD,1,2026-06-02,,,D,Daily,synthetic,workbook,Inputs_Market,synthetic proxy series,synthetic generator,2026-08-04,n/a,n/a,n/a,final,,,ok,Real Assets & Inflation Hedges,1.3.0,PA-ANALYST-1,PA-LEAD-1,published
REC-0197,market_close,DEMO-OPEB,close,DEMO-OIL,60.258,px,USD,1,2026-06-02,,,D,Daily,synthetic,workbook,Inputs_Market,synthetic proxy series,synthetic generator,2026-08-04,n/a,n/a,n/a,final,,,ok,Real Assets & Inflation Hedges,1.3.0,PA-ANALYST-1,PA-LEAD-1,published
REC-0198,market_close,DEMO-OPEB,close,DEMO-USD,28.4399,px,USD,1,2026-06-02,,,D,Daily,synthetic,workbook,Inputs_Market,synthetic proxy series,synthetic generator,2026-08-04,n/a,n/a,n/a,final,,,ok,Cross-portfolio / FX,1.3.0,PA-ANALYST-1,PA-LEAD-1,published
REC-0199,market_close,DEMO-OPEB,close,DEMO-EQ-GLOBAL,100.8241,px,USD,1,2026-06-03,,,D,Daily,synthetic,workbook,Inputs_Market,synthetic proxy series,synthetic generator,2026-08-04,n/a,n/a,n/a,final,,,ok,Growth,1.3.0,PA-ANALYST-1,PA-LEAD-1,published
REC-0200,market_close,DEMO-OPEB,close,DEMO-EQ-SMALL,80.6738,px,USD,1,2026-06-03,,,D,Daily,synthetic,workbook,Inputs_Market,synthetic proxy series,synthetic generator,2026-08-04,n/a,n/a,n/a,final,,,ok,Growth,1.3.0,PA-ANALYST-1,PA-LEAD-1,published
REC-0201,market_close,DEMO-OPEB,close,DEMO-BOND-AGG,94.6081,px,USD,1,2026-06-03,,,D,Daily,synthetic,workbook,Inputs_Market,synthetic proxy series,synthetic generator,2026-08-04,n/a,n/a,n/a,final,,,ok,Risk Reduction & Mitigation,1.3.0,PA-ANALYST-1,PA-LEAD-1,published
REC-0202,market_close,DEMO-OPEB,close,DEMO-GOLD,120.978,px,USD,1,2026-06-03,,,D,Daily,synthetic,workbook,Inputs_Market,synthetic proxy series,synthetic generator,2026-08-04,n/a,n/a,n/a,final,,,ok,Real Assets & Inflation Hedges,1.3.0,PA-ANALYST-1,PA-LEAD-1,published
REC-0203,market_close,DEMO-OPEB,close,DEMO-OIL,60.5507,px,USD,1,2026-06-03,,,D,Daily,synthetic,workbook,Inputs_Market,synthetic proxy series,synthetic generator,2026-08-04,n/a,n/a,n/a,final,,,ok,Real Assets & Inflation Hedges,1.3.0,PA-ANALYST-1,PA-LEAD-1,published
REC-0204,market_close,DEMO-OPEB,close,DEMO-USD,28.6713,px,USD,1,2026-06-03,,,D,Daily,synthetic,workbook,Inputs_Market,synthetic proxy series,synthetic generator,2026-08-04,n/a,n/a,n/a,final,,,ok,Cross-portfolio / FX,1.3.0,PA-ANALYST-1,PA-LEAD-1,published
REC-0205,market_close,DEMO-OPEB,close,DEMO-EQ-GLOBAL,102.1068,px,USD,1,2026-06-04,,,D,Daily,synthetic,workbook,Inputs_Market,synthetic proxy series,synthetic generator,2026-08-04,n/a,n/a,n/a,final,,,ok,Growth,1.3.0,PA-ANALYST-1,PA-LEAD-1,published
REC-0206,market_close,DEMO-OPEB,close,DEMO-EQ-SMALL,81.1229,px,USD,1,2026-06-04,,,D,Daily,synthetic,workbook,Inputs_Market,synthetic proxy series,synthetic generator,2026-08-04,n/a,n/a,n/a,final,,,ok,Growth,1.3.0,PA-ANALYST-1,PA-LEAD-1,published
REC-0207,market_close,DEMO-OPEB,close,DEMO-BOND-AGG,94.7224,px,USD,1,2026-06-04,,,D,Daily,synthetic,workbook,Inputs_Market,synthetic proxy series,synthetic generator,2026-08-04,n/a,n/a,n/a,final,,,ok,Risk Reduction & Mitigation,1.3.0,PA-ANALYST-1,PA-LEAD-1,published
REC-0208,market_close,DEMO-OPEB,close,DEMO-GOLD,121.4068,px,USD,1,2026-06-04,,,D,Daily,synthetic,workbook,Inputs_Market,synthetic proxy series,synthetic generator,2026-08-04,n/a,n/a,n/a,final,,,ok,Real Assets & Inflation Hedges,1.3.0,PA-ANALYST-1,PA-LEAD-1,published
REC-0209,market_close,DEMO-OPEB,close,DEMO-OIL,60.1883,px,USD,1,2026-06-04,,,D,Daily,synthetic,workbook,Inputs_Market,synthetic proxy series,synthetic generator,2026-08-04,n/a,n/a,n/a,final,,,ok,Real Assets & Inflation Hedges,1.3.0,PA-ANALYST-1,PA-LEAD-1,published
REC-0210,market_close,DEMO-OPEB,close,DEMO-USD,28.7334,px,USD,1,2026-06-04,,,D,Daily,synthetic,workbook,Inputs_Market,synthetic proxy series,synthetic generator,2026-08-04,n/a,n/a,n/a,final,,,ok,Cross-portfolio / FX,1.3.0,PA-ANALYST-1,PA-LEAD-1,published
REC-0211,market_close,DEMO-OPEB,close,DEMO-EQ-GLOBAL,102.1393,px,USD,1,2026-06-05,,,D,Daily,synthetic,workbook,Inputs_Market,synthetic proxy series,synthetic generator,2026-08-04,n/a,n/a,n/a,final,,,ok,Growth,1.3.0,PA-ANALYST-1,PA-LEAD-1,published
REC-0212,market_close,DEMO-OPEB,close,DEMO-EQ-SMALL,83.2608,px,USD,1,2026-06-05,,,D,Daily,synthetic,workbook,Inputs_Market,synthetic proxy series,synthetic generator,2026-08-04,n/a,n/a,n/a,final,,,ok,Growth,1.3.0,PA-ANALYST-1,PA-LEAD-1,published
REC-0213,market_close,DEMO-OPEB,close,DEMO-BOND-AGG,96.3346,px,USD,1,2026-06-05,,,D,Daily,synthetic,workbook,Inputs_Market,synthetic proxy series,synthetic generator,2026-08-04,n/a,n/a,n/a,final,,,ok,Risk Reduction & Mitigation,1.3.0,PA-ANALYST-1,PA-LEAD-1,published
REC-0214,market_close,DEMO-OPEB,close,DEMO-GOLD,122.3006,px,USD,1,2026-06-05,,,D,Daily,synthetic,workbook,Inputs_Market,synthetic proxy series,synthetic generator,2026-08-04,n/a,n/a,n/a,final,,,ok,Real Assets & Inflation Hedges,1.3.0,PA-ANALYST-1,PA-LEAD-1,published
REC-0215,market_close,DEMO-OPEB,close,DEMO-OIL,60.4522,px,USD,1,2026-06-05,,,D,Daily,synthetic,workbook,Inputs_Market,synthetic proxy series,synthetic generator,2026-08-04,n/a,n/a,n/a,final,,,ok,Real Assets & Inflation Hedges,1.3.0,PA-ANALYST-1,PA-LEAD-1,published
REC-0216,market_close,DEMO-OPEB,close,DEMO-USD,28.8791,px,USD,1,2026-06-05,,,D,Daily,synthetic,workbook,Inputs_Market,synthetic proxy series,synthetic generator,2026-08-04,n/a,n/a,n/a,final,,,ok,Cross-portfolio / FX,1.3.0,PA-ANALYST-1,PA-LEAD-1,published
REC-0217,market_close,DEMO-OPEB,close,DEMO-EQ-GLOBAL,101.9261,px,USD,1,2026-06-08,,,D,Daily,synthetic,workbook,Inputs_Market,synthetic proxy series,synthetic generator,2026-08-04,n/a,n/a,n/a,final,,,ok,Growth,1.3.0,PA-ANALYST-1,PA-LEAD-1,published
REC-0218,market_close,DEMO-OPEB,close,DEMO-EQ-SMALL,83.2485,px,USD,1,2026-06-08,,,D,Daily,synthetic,workbook,Inputs_Market,synthetic proxy series,synthetic generator,2026-08-04,n/a,n/a,n/a,final,,,ok,Growth,1.3.0,PA-ANALYST-1,PA-LEAD-1,published
REC-0219,market_close,DEMO-OPEB,close,DEMO-BOND-AGG,96.2541,px,USD,1,2026-06-08,,,D,Daily,synthetic,workbook,Inputs_Market,synthetic proxy series,synthetic generator,2026-08-04,n/a,n/a,n/a,final,,,ok,Risk Reduction & Mitigation,1.3.0,PA-ANALYST-1,PA-LEAD-1,published
REC-0220,market_close,DEMO-OPEB,close,DEMO-GOLD,123.7035,px,USD,1,2026-06-08,,,D,Daily,synthetic,workbook,Inputs_Market,synthetic proxy series,synthetic generator,2026-08-04,n/a,n/a,n/a,final,,,ok,Real Assets & Inflation Hedges,1.3.0,PA-ANALYST-1,PA-LEAD-1,published
REC-0221,market_close,DEMO-OPEB,close,DEMO-OIL,60.5375,px,USD,1,2026-06-08,,,D,Daily,synthetic,workbook,Inputs_Market,synthetic proxy series,synthetic generator,2026-08-04,n/a,n/a,n/a,final,,,ok,Real Assets & Inflation Hedges,1.3.0,PA-ANALYST-1,PA-LEAD-1,published
REC-0222,market_close,DEMO-OPEB,close,DEMO-USD,29.1475,px,USD,1,2026-06-08,,,D,Daily,synthetic,workbook,Inputs_Market,synthetic proxy series,synthetic generator,2026-08-04,n/a,n/a,n/a,final,,,ok,Cross-portfolio / FX,1.3.0,PA-ANALYST-1,PA-LEAD-1,published
REC-0223,market_close,DEMO-OPEB,close,DEMO-EQ-GLOBAL,101.5917,px,USD,1,2026-06-09,,,D,Daily,synthetic,workbook,Inputs_Market,synthetic proxy series,synthetic generator,2026-08-04,n/a,n/a,n/a,final,,,ok,Growth,1.3.0,PA-ANALYST-1,PA-LEAD-1,published
REC-0224,market_close,DEMO-OPEB,close,DEMO-EQ-SMALL,83.2662,px,USD,1,2026-06-09,,,D,Daily,synthetic,workbook,Inputs_Market,synthetic proxy series,synthetic generator,2026-08-04,n/a,n/a,n/a,final,,,ok,Growth,1.3.0,PA-ANALYST-1,PA-LEAD-1,published
REC-0225,market_close,DEMO-OPEB,close,DEMO-BOND-AGG,96.4354,px,USD,1,2026-06-09,,,D,Daily,synthetic,workbook,Inputs_Market,synthetic proxy series,synthetic generator,2026-08-04,n/a,n/a,n/a,final,,,ok,Risk Reduction & Mitigation,1.3.0,PA-ANALYST-1,PA-LEAD-1,published
REC-0226,market_close,DEMO-OPEB,close,DEMO-GOLD,122.2861,px,USD,1,2026-06-09,,,D,Daily,synthetic,workbook,Inputs_Market,synthetic proxy series,synthetic generator,2026-08-04,n/a,n/a,n/a,final,,,ok,Real Assets & Inflation Hedges,1.3.0,PA-ANALYST-1,PA-LEAD-1,published
REC-0227,market_close,DEMO-OPEB,close,DEMO-OIL,60.8073,px,USD,1,2026-06-09,,,D,Daily,synthetic,workbook,Inputs_Market,synthetic proxy series,synthetic generator,2026-08-04,n/a,n/a,n/a,final,,,ok,Real Assets & Inflation Hedges,1.3.0,PA-ANALYST-1,PA-LEAD-1,published
REC-0228,market_close,DEMO-OPEB,close,DEMO-USD,29.2044,px,USD,1,2026-06-09,,,D,Daily,synthetic,workbook,Inputs_Market,synthetic proxy series,synthetic generator,2026-08-04,n/a,n/a,n/a,final,,,ok,Cross-portfolio / FX,1.3.0,PA-ANALYST-1,PA-LEAD-1,published
REC-0229,market_close,DEMO-OPEB,close,DEMO-EQ-GLOBAL,101.6466,px,USD,1,2026-06-10,,,D,Daily,synthetic,workbook,Inputs_Market,synthetic proxy series,synthetic generator,2026-08-04,n/a,n/a,n/a,final,,,ok,Growth,1.3.0,PA-ANALYST-1,PA-LEAD-1,published
REC-0230,market_close,DEMO-OPEB,close,DEMO-EQ-SMALL,82.8291,px,USD,1,2026-06-10,,,D,Daily,synthetic,workbook,Inputs_Market,synthetic proxy series,synthetic generator,2026-08-04,n/a,n/a,n/a,final,,,ok,Growth,1.3.0,PA-ANALYST-1,PA-LEAD-1,published
REC-0231,market_close,DEMO-OPEB,close,DEMO-BOND-AGG,98.1122,px,USD,1,2026-06-10,,,D,Daily,synthetic,workbook,Inputs_Market,synthetic proxy series,synthetic generator,2026-08-04,n/a,n/a,n/a,final,,,ok,Risk Reduction & Mitigation,1.3.0,PA-ANALYST-1,PA-LEAD-1,published
REC-0232,market_close,DEMO-OPEB,close,DEMO-GOLD,120.4334,px,USD,1,2026-06-10,,,D,Daily,synthetic,workbook,Inputs_Market,synthetic proxy series,synthetic generator,2026-08-04,n/a,n/a,n/a,final,,,ok,Real Assets & Inflation Hedges,1.3.0,PA-ANALYST-1,PA-LEAD-1,published
REC-0233,market_close,DEMO-OPEB,close,DEMO-OIL,60.9678,px,USD,1,2026-06-10,,,D,Daily,synthetic,workbook,Inputs_Market,synthetic proxy series,synthetic generator,2026-08-04,n/a,n/a,n/a,final,,,ok,Real Assets & Inflation Hedges,1.3.0,PA-ANALYST-1,PA-LEAD-1,published
REC-0234,market_close,DEMO-OPEB,close,DEMO-USD,29.0474,px,USD,1,2026-06-10,,,D,Daily,synthetic,workbook,Inputs_Market,synthetic proxy series,synthetic generator,2026-08-04,n/a,n/a,n/a,final,,,ok,Cross-portfolio / FX,1.3.0,PA-ANALYST-1,PA-LEAD-1,published
REC-0235,market_close,DEMO-OPEB,close,DEMO-EQ-GLOBAL,100.937,px,USD,1,2026-06-11,,,D,Daily,synthetic,workbook,Inputs_Market,synthetic proxy series,synthetic generator,2026-08-04,n/a,n/a,n/a,final,,,ok,Growth,1.3.0,PA-ANALYST-1,PA-LEAD-1,published
REC-0236,market_close,DEMO-OPEB,close,DEMO-EQ-SMALL,82.9463,px,USD,1,2026-06-11,,,D,Daily,synthetic,workbook,Inputs_Market,synthetic proxy series,synthetic generator,2026-08-04,n/a,n/a,n/a,final,,,ok,Growth,1.3.0,PA-ANALYST-1,PA-LEAD-1,published
REC-0237,market_close,DEMO-OPEB,close,DEMO-BOND-AGG,96.9961,px,USD,1,2026-06-11,,,D,Daily,synthetic,workbook,Inputs_Market,synthetic proxy series,synthetic generator,2026-08-04,n/a,n/a,n/a,final,,,ok,Risk Reduction & Mitigation,1.3.0,PA-ANALYST-1,PA-LEAD-1,published
REC-0238,market_close,DEMO-OPEB,close,DEMO-GOLD,119.7254,px,USD,1,2026-06-11,,,D,Daily,synthetic,workbook,Inputs_Market,synthetic proxy series,synthetic generator,2026-08-04,n/a,n/a,n/a,final,,,ok,Real Assets & Inflation Hedges,1.3.0,PA-ANALYST-1,PA-LEAD-1,published
REC-0239,market_close,DEMO-OPEB,close,DEMO-OIL,60.9817,px,USD,1,2026-06-11,,,D,Daily,synthetic,workbook,Inputs_Market,synthetic proxy series,synthetic generator,2026-08-04,n/a,n/a,n/a,final,,,ok,Real Assets & Inflation Hedges,1.3.0,PA-ANALYST-1,PA-LEAD-1,published
REC-0240,market_close,DEMO-OPEB,close,DEMO-USD,28.8521,px,USD,1,2026-06-11,,,D,Daily,synthetic,workbook,Inputs_Market,synthetic proxy series,synthetic generator,2026-08-04,n/a,n/a,n/a,final,,,ok,Cross-portfolio / FX,1.3.0,PA-ANALYST-1,PA-LEAD-1,published
REC-0241,market_close,DEMO-OPEB,close,DEMO-EQ-GLOBAL,100.5212,px,USD,1,2026-06-12,,,D,Daily,synthetic,workbook,Inputs_Market,synthetic proxy series,synthetic generator,2026-08-04,n/a,n/a,n/a,final,,,ok,Growth,1.3.0,PA-ANALYST-1,PA-LEAD-1,published
REC-0242,market_close,DEMO-OPEB,close,DEMO-EQ-SMALL,83.6031,px,USD,1,2026-06-12,,,D,Daily,synthetic,workbook,Inputs_Market,synthetic proxy series,synthetic generator,2026-08-04,n/a,n/a,n/a,final,,,ok,Growth,1.3.0,PA-ANALYST-1,PA-LEAD-1,published
REC-0243,market_close,DEMO-OPEB,close,DEMO-BOND-AGG,97.2895,px,USD,1,2026-06-12,,,D,Daily,synthetic,workbook,Inputs_Market,synthetic proxy series,synthetic generator,2026-08-04,n/a,n/a,n/a,final,,,ok,Risk Reduction & Mitigation,1.3.0,PA-ANALYST-1,PA-LEAD-1,published
REC-0244,market_close,DEMO-OPEB,close,DEMO-GOLD,119.4618,px,USD,1,2026-06-12,,,D,Daily,synthetic,workbook,Inputs_Market,synthetic proxy series,synthetic generator,2026-08-04,n/a,n/a,n/a,final,,,ok,Real Assets & Inflation Hedges,1.3.0,PA-ANALYST-1,PA-LEAD-1,published
REC-0245,market_close,DEMO-OPEB,close,DEMO-OIL,61.4244,px,USD,1,2026-06-12,,,D,Daily,synthetic,workbook,Inputs_Market,synthetic proxy series,synthetic generator,2026-08-04,n/a,n/a,n/a,final,,,ok,Real Assets & Inflation Hedges,1.3.0,PA-ANALYST-1,PA-LEAD-1,published
REC-0246,market_close,DEMO-OPEB,close,DEMO-USD,28.1718,px,USD,1,2026-06-12,,,D,Daily,synthetic,workbook,Inputs_Market,synthetic proxy series,synthetic generator,2026-08-04,n/a,n/a,n/a,final,,,ok,Cross-portfolio / FX,1.3.0,PA-ANALYST-1,PA-LEAD-1,published
REC-0247,market_close,DEMO-OPEB,close,DEMO-EQ-GLOBAL,101.6054,px,USD,1,2026-06-15,,,D,Daily,synthetic,workbook,Inputs_Market,synthetic proxy series,synthetic generator,2026-08-04,n/a,n/a,n/a,final,,,ok,Growth,1.3.0,PA-ANALYST-1,PA-LEAD-1,published
REC-0248,market_close,DEMO-OPEB,close,DEMO-EQ-SMALL,85.0852,px,USD,1,2026-06-15,,,D,Daily,synthetic,workbook,Inputs_Market,synthetic proxy series,synthetic generator,2026-08-04,n/a,n/a,n/a,final,,,ok,Growth,1.3.0,PA-ANALYST-1,PA-LEAD-1,published
REC-0249,market_close,DEMO-OPEB,close,DEMO-BOND-AGG,97.4846,px,USD,1,2026-06-15,,,D,Daily,synthetic,workbook,Inputs_Market,synthetic proxy series,synthetic generator,2026-08-04,n/a,n/a,n/a,final,,,ok,Risk Reduction & Mitigation,1.3.0,PA-ANALYST-1,PA-LEAD-1,published
REC-0250,market_close,DEMO-OPEB,close,DEMO-GOLD,118.2014,px,USD,1,2026-06-15,,,D,Daily,synthetic,workbook,Inputs_Market,synthetic proxy series,synthetic generator,2026-08-04,n/a,n/a,n/a,final,,,ok,Real Assets & Inflation Hedges,1.3.0,PA-ANALYST-1,PA-LEAD-1,published
REC-0251,market_close,DEMO-OPEB,close,DEMO-OIL,60.8641,px,USD,1,2026-06-15,,,D,Daily,synthetic,workbook,Inputs_Market,synthetic proxy series,synthetic generator,2026-08-04,n/a,n/a,n/a,final,,,ok,Real Assets & Inflation Hedges,1.3.0,PA-ANALYST-1,PA-LEAD-1,published
REC-0252,market_close,DEMO-OPEB,close,DEMO-USD,28.4132,px,USD,1,2026-06-15,,,D,Daily,synthetic,workbook,Inputs_Market,synthetic proxy series,synthetic generator,2026-08-04,n/a,n/a,n/a,final,,,ok,Cross-portfolio / FX,1.3.0,PA-ANALYST-1,PA-LEAD-1,published
REC-0253,market_close,DEMO-OPEB,close,DEMO-EQ-GLOBAL,101.3674,px,USD,1,2026-06-16,,,D,Daily,synthetic,workbook,Inputs_Market,synthetic proxy series,synthetic generator,2026-08-04,n/a,n/a,n/a,final,,,ok,Growth,1.3.0,PA-ANALYST-1,PA-LEAD-1,published
REC-0254,market_close,DEMO-OPEB,close,DEMO-EQ-SMALL,85.7071,px,USD,1,2026-06-16,,,D,Daily,synthetic,workbook,Inputs_Market,synthetic proxy series,synthetic generator,2026-08-04,n/a,n/a,n/a,final,,,ok,Growth,1.3.0,PA-ANALYST-1,PA-LEAD-1,published
REC-0255,market_close,DEMO-OPEB,close,DEMO-BOND-AGG,95.9248,px,USD,1,2026-06-16,,,D,Daily,synthetic,workbook,Inputs_Market,synthetic proxy series,synthetic generator,2026-08-04,n/a,n/a,n/a,final,,,ok,Risk Reduction & Mitigation,1.3.0,PA-ANALYST-1,PA-LEAD-1,published
REC-0256,market_close,DEMO-OPEB,close,DEMO-GOLD,116.6796,px,USD,1,2026-06-16,,,D,Daily,synthetic,workbook,Inputs_Market,synthetic proxy series,synthetic generator,2026-08-04,n/a,n/a,n/a,final,,,ok,Real Assets & Inflation Hedges,1.3.0,PA-ANALYST-1,PA-LEAD-1,published
REC-0257,market_close,DEMO-OPEB,close,DEMO-OIL,60.5616,px,USD,1,2026-06-16,,,D,Daily,synthetic,workbook,Inputs_Market,synthetic proxy series,synthetic generator,2026-08-04,n/a,n/a,n/a,final,,,ok,Real Assets & Inflation Hedges,1.3.0,PA-ANALYST-1,PA-LEAD-1,published
REC-0258,market_close,DEMO-OPEB,close,DEMO-USD,28.5122,px,USD,1,2026-06-16,,,D,Daily,synthetic,workbook,Inputs_Market,synthetic proxy series,synthetic generator,2026-08-04,n/a,n/a,n/a,final,,,ok,Cross-portfolio / FX,1.3.0,PA-ANALYST-1,PA-LEAD-1,published
REC-0259,market_close,DEMO-OPEB,close,DEMO-EQ-GLOBAL,99.6964,px,USD,1,2026-06-17,,,D,Daily,synthetic,workbook,Inputs_Market,synthetic proxy series,synthetic generator,2026-08-04,n/a,n/a,n/a,final,,,ok,Growth,1.3.0,PA-ANALYST-1,PA-LEAD-1,published
REC-0260,market_close,DEMO-OPEB,close,DEMO-EQ-SMALL,85.3551,px,USD,1,2026-06-17,,,D,Daily,synthetic,workbook,Inputs_Market,synthetic proxy series,synthetic generator,2026-08-04,n/a,n/a,n/a,final,,,ok,Growth,1.3.0,PA-ANALYST-1,PA-LEAD-1,published
REC-0261,market_close,DEMO-OPEB,close,DEMO-BOND-AGG,96.2989,px,USD,1,2026-06-17,,,D,Daily,synthetic,workbook,Inputs_Market,synthetic proxy series,synthetic generator,2026-08-04,n/a,n/a,n/a,final,,,ok,Risk Reduction & Mitigation,1.3.0,PA-ANALYST-1,PA-LEAD-1,published
REC-0262,market_close,DEMO-OPEB,close,DEMO-GOLD,117.8261,px,USD,1,2026-06-17,,,D,Daily,synthetic,workbook,Inputs_Market,synthetic proxy series,synthetic generator,2026-08-04,n/a,n/a,n/a,final,,,ok,Real Assets & Inflation Hedges,1.3.0,PA-ANALYST-1,PA-LEAD-1,published
REC-0263,market_close,DEMO-OPEB,close,DEMO-OIL,61.4808,px,USD,1,2026-06-17,,,D,Daily,synthetic,workbook,Inputs_Market,synthetic proxy series,synthetic generator,2026-08-04,n/a,n/a,n/a,final,,,ok,Real Assets & Inflation Hedges,1.3.0,PA-ANALYST-1,PA-LEAD-1,published
REC-0264,market_close,DEMO-OPEB,close,DEMO-USD,28.5946,px,USD,1,2026-06-17,,,D,Daily,synthetic,workbook,Inputs_Market,synthetic proxy series,synthetic generator,2026-08-04,n/a,n/a,n/a,final,,,ok,Cross-portfolio / FX,1.3.0,PA-ANALYST-1,PA-LEAD-1,published
REC-0265,market_close,DEMO-OPEB,close,DEMO-EQ-GLOBAL,100.7003,px,USD,1,2026-06-18,,,D,Daily,synthetic,workbook,Inputs_Market,synthetic proxy series,synthetic generator,2026-08-04,n/a,n/a,n/a,final,,,ok,Growth,1.3.0,PA-ANALYST-1,PA-LEAD-1,published
REC-0266,market_close,DEMO-OPEB,close,DEMO-EQ-SMALL,85.6047,px,USD,1,2026-06-18,,,D,Daily,synthetic,workbook,Inputs_Market,synthetic proxy series,synthetic generator,2026-08-04,n/a,n/a,n/a,final,,,ok,Growth,1.3.0,PA-ANALYST-1,PA-LEAD-1,published
REC-0267,market_close,DEMO-OPEB,close,DEMO-BOND-AGG,95.1108,px,USD,1,2026-06-18,,,D,Daily,synthetic,workbook,Inputs_Market,synthetic proxy series,synthetic generator,2026-08-04,n/a,n/a,n/a,final,,,ok,Risk Reduction & Mitigation,1.3.0,PA-ANALYST-1,PA-LEAD-1,published
REC-0268,market_close,DEMO-OPEB,close,DEMO-GOLD,117.3309,px,USD,1,2026-06-18,,,D,Daily,synthetic,workbook,Inputs_Market,synthetic proxy series,synthetic generator,2026-08-04,n/a,n/a,n/a,final,,,ok,Real Assets & Inflation Hedges,1.3.0,PA-ANALYST-1,PA-LEAD-1,published
REC-0269,market_close,DEMO-OPEB,close,DEMO-OIL,61.1522,px,USD,1,2026-06-18,,,D,Daily,synthetic,workbook,Inputs_Market,synthetic proxy series,synthetic generator,2026-08-04,n/a,n/a,n/a,final,,,ok,Real Assets & Inflation Hedges,1.3.0,PA-ANALYST-1,PA-LEAD-1,published
REC-0270,market_close,DEMO-OPEB,close,DEMO-USD,28.6267,px,USD,1,2026-06-18,,,D,Daily,synthetic,workbook,Inputs_Market,synthetic proxy series,synthetic generator,2026-08-04,n/a,n/a,n/a,final,,,ok,Cross-portfolio / FX,1.3.0,PA-ANALYST-1,PA-LEAD-1,published
REC-0271,market_close,DEMO-OPEB,close,DEMO-EQ-GLOBAL,99.3978,px,USD,1,2026-06-19,,,D,Daily,synthetic,workbook,Inputs_Market,synthetic proxy series,synthetic generator,2026-08-04,n/a,n/a,n/a,final,,,ok,Growth,1.3.0,PA-ANALYST-1,PA-LEAD-1,published
REC-0272,market_close,DEMO-OPEB,close,DEMO-EQ-SMALL,86.2051,px,USD,1,2026-06-19,,,D,Daily,synthetic,workbook,Inputs_Market,synthetic proxy series,synthetic generator,2026-08-04,n/a,n/a,n/a,final,,,ok,Growth,1.3.0,PA-ANALYST-1,PA-LEAD-1,published
REC-0273,market_close,DEMO-OPEB,close,DEMO-BOND-AGG,94.7056,px,USD,1,2026-06-19,,,D,Daily,synthetic,workbook,Inputs_Market,synthetic proxy series,synthetic generator,2026-08-04,n/a,n/a,n/a,final,,,ok,Risk Reduction & Mitigation,1.3.0,PA-ANALYST-1,PA-LEAD-1,published
REC-0274,market_close,DEMO-OPEB,close,DEMO-GOLD,119.3863,px,USD,1,2026-06-19,,,D,Daily,synthetic,workbook,Inputs_Market,synthetic proxy series,synthetic generator,2026-08-04,n/a,n/a,n/a,final,,,ok,Real Assets & Inflation Hedges,1.3.0,PA-ANALYST-1,PA-LEAD-1,published
REC-0275,market_close,DEMO-OPEB,close,DEMO-OIL,61.3301,px,USD,1,2026-06-19,,,D,Daily,synthetic,workbook,Inputs_Market,synthetic proxy series,synthetic generator,2026-08-04,n/a,n/a,n/a,final,,,ok,Real Assets & Inflation Hedges,1.3.0,PA-ANALYST-1,PA-LEAD-1,published
REC-0276,market_close,DEMO-OPEB,close,DEMO-USD,28.5042,px,USD,1,2026-06-19,,,D,Daily,synthetic,workbook,Inputs_Market,synthetic proxy series,synthetic generator,2026-08-04,n/a,n/a,n/a,final,,,ok,Cross-portfolio / FX,1.3.0,PA-ANALYST-1,PA-LEAD-1,published
REC-0277,market_close,DEMO-OPEB,close,DEMO-EQ-GLOBAL,100.164,px,USD,1,2026-06-22,,,D,Daily,synthetic,workbook,Inputs_Market,synthetic proxy series,synthetic generator,2026-08-04,n/a,n/a,n/a,final,,,ok,Growth,1.3.0,PA-ANALYST-1,PA-LEAD-1,published
REC-0278,market_close,DEMO-OPEB,close,DEMO-EQ-SMALL,86.7519,px,USD,1,2026-06-22,,,D,Daily,synthetic,workbook,Inputs_Market,synthetic proxy series,synthetic generator,2026-08-04,n/a,n/a,n/a,final,,,ok,Growth,1.3.0,PA-ANALYST-1,PA-LEAD-1,published
REC-0279,market_close,DEMO-OPEB,close,DEMO-BOND-AGG,96.3329,px,USD,1,2026-06-22,,,D,Daily,synthetic,workbook,Inputs_Market,synthetic proxy series,synthetic generator,2026-08-04,n/a,n/a,n/a,final,,,ok,Risk Reduction & Mitigation,1.3.0,PA-ANALYST-1,PA-LEAD-1,published
REC-0280,market_close,DEMO-OPEB,close,DEMO-GOLD,119.1918,px,USD,1,2026-06-22,,,D,Daily,synthetic,workbook,Inputs_Market,synthetic proxy series,synthetic generator,2026-08-04,n/a,n/a,n/a,final,,,ok,Real Assets & Inflation Hedges,1.3.0,PA-ANALYST-1,PA-LEAD-1,published
REC-0281,market_close,DEMO-OPEB,close,DEMO-OIL,61.1181,px,USD,1,2026-06-22,,,D,Daily,synthetic,workbook,Inputs_Market,synthetic proxy series,synthetic generator,2026-08-04,n/a,n/a,n/a,final,,,ok,Real Assets & Inflation Hedges,1.3.0,PA-ANALYST-1,PA-LEAD-1,published
REC-0282,market_close,DEMO-OPEB,close,DEMO-USD,28.5781,px,USD,1,2026-06-22,,,D,Daily,synthetic,workbook,Inputs_Market,synthetic proxy series,synthetic generator,2026-08-04,n/a,n/a,n/a,final,,,ok,Cross-portfolio / FX,1.3.0,PA-ANALYST-1,PA-LEAD-1,published
REC-0283,market_close,DEMO-OPEB,close,DEMO-EQ-GLOBAL,98.9819,px,USD,1,2026-06-23,,,D,Daily,synthetic,workbook,Inputs_Market,synthetic proxy series,synthetic generator,2026-08-04,n/a,n/a,n/a,final,,,ok,Growth,1.3.0,PA-ANALYST-1,PA-LEAD-1,published
REC-0284,market_close,DEMO-OPEB,close,DEMO-EQ-SMALL,86.0598,px,USD,1,2026-06-23,,,D,Daily,synthetic,workbook,Inputs_Market,synthetic proxy series,synthetic generator,2026-08-04,n/a,n/a,n/a,final,,,ok,Growth,1.3.0,PA-ANALYST-1,PA-LEAD-1,published
REC-0285,market_close,DEMO-OPEB,close,DEMO-BOND-AGG,97.6387,px,USD,1,2026-06-23,,,D,Daily,synthetic,workbook,Inputs_Market,synthetic proxy series,synthetic generator,2026-08-04,n/a,n/a,n/a,final,,,ok,Risk Reduction & Mitigation,1.3.0,PA-ANALYST-1,PA-LEAD-1,published
REC-0286,market_close,DEMO-OPEB,close,DEMO-GOLD,119.2276,px,USD,1,2026-06-23,,,D,Daily,synthetic,workbook,Inputs_Market,synthetic proxy series,synthetic generator,2026-08-04,n/a,n/a,n/a,final,,,ok,Real Assets & Inflation Hedges,1.3.0,PA-ANALYST-1,PA-LEAD-1,published
REC-0287,market_close,DEMO-OPEB,close,DEMO-OIL,60.7309,px,USD,1,2026-06-23,,,D,Daily,synthetic,workbook,Inputs_Market,synthetic proxy series,synthetic generator,2026-08-04,n/a,n/a,n/a,final,,,ok,Real Assets & Inflation Hedges,1.3.0,PA-ANALYST-1,PA-LEAD-1,published
REC-0288,market_close,DEMO-OPEB,close,DEMO-USD,28.3317,px,USD,1,2026-06-23,,,D,Daily,synthetic,workbook,Inputs_Market,synthetic proxy series,synthetic generator,2026-08-04,n/a,n/a,n/a,final,,,ok,Cross-portfolio / FX,1.3.0,PA-ANALYST-1,PA-LEAD-1,published
REC-0289,market_close,DEMO-OPEB,close,DEMO-EQ-GLOBAL,99.1938,px,USD,1,2026-06-24,,,D,Daily,synthetic,workbook,Inputs_Market,synthetic proxy series,synthetic generator,2026-08-04,n/a,n/a,n/a,final,,,ok,Growth,1.3.0,PA-ANALYST-1,PA-LEAD-1,published
REC-0290,market_close,DEMO-OPEB,close,DEMO-EQ-SMALL,87.4265,px,USD,1,2026-06-24,,,D,Daily,synthetic,workbook,Inputs_Market,synthetic proxy series,synthetic generator,2026-08-04,n/a,n/a,n/a,final,,,ok,Growth,1.3.0,PA-ANALYST-1,PA-LEAD-1,published
REC-0291,market_close,DEMO-OPEB,close,DEMO-BOND-AGG,97.3399,px,USD,1,2026-06-24,,,D,Daily,synthetic,workbook,Inputs_Market,synthetic proxy series,synthetic generator,2026-08-04,n/a,n/a,n/a,final,,,ok,Risk Reduction & Mitigation,1.3.0,PA-ANALYST-1,PA-LEAD-1,published
REC-0292,market_close,DEMO-OPEB,close,DEMO-GOLD,119.6,px,USD,1,2026-06-24,,,D,Daily,synthetic,workbook,Inputs_Market,synthetic proxy series,synthetic generator,2026-08-04,n/a,n/a,n/a,final,,,ok,Real Assets & Inflation Hedges,1.3.0,PA-ANALYST-1,PA-LEAD-1,published
REC-0293,market_close,DEMO-OPEB,close,DEMO-OIL,59.8139,px,USD,1,2026-06-24,,,D,Daily,synthetic,workbook,Inputs_Market,synthetic proxy series,synthetic generator,2026-08-04,n/a,n/a,n/a,final,,,ok,Real Assets & Inflation Hedges,1.3.0,PA-ANALYST-1,PA-LEAD-1,published
REC-0294,market_close,DEMO-OPEB,close,DEMO-USD,28.2409,px,USD,1,2026-06-24,,,D,Daily,synthetic,workbook,Inputs_Market,synthetic proxy series,synthetic generator,2026-08-04,n/a,n/a,n/a,final,,,ok,Cross-portfolio / FX,1.3.0,PA-ANALYST-1,PA-LEAD-1,published
REC-0295,market_close,DEMO-OPEB,close,DEMO-EQ-GLOBAL,99.8207,px,USD,1,2026-06-25,,,D,Daily,synthetic,workbook,Inputs_Market,synthetic proxy series,synthetic generator,2026-08-04,n/a,n/a,n/a,final,,,ok,Growth,1.3.0,PA-ANALYST-1,PA-LEAD-1,published
REC-0296,market_close,DEMO-OPEB,close,DEMO-EQ-SMALL,88.1691,px,USD,1,2026-06-25,,,D,Daily,synthetic,workbook,Inputs_Market,synthetic proxy series,synthetic generator,2026-08-04,n/a,n/a,n/a,final,,,ok,Growth,1.3.0,PA-ANALYST-1,PA-LEAD-1,published
REC-0297,market_close,DEMO-OPEB,close,DEMO-BOND-AGG,97.349,px,USD,1,2026-06-25,,,D,Daily,synthetic,workbook,Inputs_Market,synthetic proxy series,synthetic generator,2026-08-04,n/a,n/a,n/a,final,,,ok,Risk Reduction & Mitigation,1.3.0,PA-ANALYST-1,PA-LEAD-1,published
REC-0298,market_close,DEMO-OPEB,close,DEMO-GOLD,121.2248,px,USD,1,2026-06-25,,,D,Daily,synthetic,workbook,Inputs_Market,synthetic proxy series,synthetic generator,2026-08-04,n/a,n/a,n/a,final,,,ok,Real Assets & Inflation Hedges,1.3.0,PA-ANALYST-1,PA-LEAD-1,published
REC-0299,market_close,DEMO-OPEB,close,DEMO-OIL,59.9822,px,USD,1,2026-06-25,,,D,Daily,synthetic,workbook,Inputs_Market,synthetic proxy series,synthetic generator,2026-08-04,n/a,n/a,n/a,final,,,ok,Real Assets & Inflation Hedges,1.3.0,PA-ANALYST-1,PA-LEAD-1,published
REC-0300,market_close,DEMO-OPEB,close,DEMO-USD,28.4,px,USD,1,2026-06-25,,,D,Daily,synthetic,workbook,Inputs_Market,synthetic proxy series,synthetic generator,2026-08-04,n/a,n/a,n/a,final,,,ok,Cross-portfolio / FX,1.3.0,PA-ANALYST-1,PA-LEAD-1,published
REC-0301,market_close,DEMO-OPEB,close,DEMO-EQ-GLOBAL,100.8879,px,USD,1,2026-06-26,,,D,Daily,synthetic,workbook,Inputs_Market,synthetic proxy series,synthetic generator,2026-08-04,n/a,n/a,n/a,final,,,ok,Growth,1.3.0,PA-ANALYST-1,PA-LEAD-1,published
REC-0302,market_close,DEMO-OPEB,close,DEMO-EQ-SMALL,88.3411,px,USD,1,2026-06-26,,,D,Daily,synthetic,workbook,Inputs_Market,synthetic proxy series,synthetic generator,2026-08-04,n/a,n/a,n/a,final,,,ok,Growth,1.3.0,PA-ANALYST-1,PA-LEAD-1,published
REC-0303,market_close,DEMO-OPEB,close,DEMO-BOND-AGG,96.8374,px,USD,1,2026-06-26,,,D,Daily,synthetic,workbook,Inputs_Market,synthetic proxy series,synthetic generator,2026-08-04,n/a,n/a,n/a,final,,,ok,Risk Reduction & Mitigation,1.3.0,PA-ANALYST-1,PA-LEAD-1,published
REC-0304,market_close,DEMO-OPEB,close,DEMO-GOLD,121.7925,px,USD,1,2026-06-26,,,D,Daily,synthetic,workbook,Inputs_Market,synthetic proxy series,synthetic generator,2026-08-04,n/a,n/a,n/a,final,,,ok,Real Assets & Inflation Hedges,1.3.0,PA-ANALYST-1,PA-LEAD-1,published
REC-0305,market_close,DEMO-OPEB,close,DEMO-OIL,59.9442,px,USD,1,2026-06-26,,,D,Daily,synthetic,workbook,Inputs_Market,synthetic proxy series,synthetic generator,2026-08-04,n/a,n/a,n/a,final,,,ok,Real Assets & Inflation Hedges,1.3.0,PA-ANALYST-1,PA-LEAD-1,published
REC-0306,market_close,DEMO-OPEB,close,DEMO-USD,27.8025,px,USD,1,2026-06-26,,,D,Daily,synthetic,workbook,Inputs_Market,synthetic proxy series,synthetic generator,2026-08-04,n/a,n/a,n/a,final,,,ok,Cross-portfolio / FX,1.3.0,PA-ANALYST-1,PA-LEAD-1,published
REC-0307,market_close,DEMO-OPEB,close,DEMO-EQ-GLOBAL,101.5266,px,USD,1,2026-06-29,,,D,Daily,synthetic,workbook,Inputs_Market,synthetic proxy series,synthetic generator,2026-08-04,n/a,n/a,n/a,final,,,ok,Growth,1.3.0,PA-ANALYST-1,PA-LEAD-1,published
REC-0308,market_close,DEMO-OPEB,close,DEMO-EQ-SMALL,88.8111,px,USD,1,2026-06-29,,,D,Daily,synthetic,workbook,Inputs_Market,synthetic proxy series,synthetic generator,2026-08-04,n/a,n/a,n/a,final,,,ok,Growth,1.3.0,PA-ANALYST-1,PA-LEAD-1,published
REC-0309,market_close,DEMO-OPEB,close,DEMO-BOND-AGG,96.2104,px,USD,1,2026-06-29,,,D,Daily,synthetic,workbook,Inputs_Market,synthetic proxy series,synthetic generator,2026-08-04,n/a,n/a,n/a,final,,,ok,Risk Reduction & Mitigation,1.3.0,PA-ANALYST-1,PA-LEAD-1,published
REC-0310,market_close,DEMO-OPEB,close,DEMO-GOLD,120.7329,px,USD,1,2026-06-29,,,D,Daily,synthetic,workbook,Inputs_Market,synthetic proxy series,synthetic generator,2026-08-04,n/a,n/a,n/a,final,,,ok,Real Assets & Inflation Hedges,1.3.0,PA-ANALYST-1,PA-LEAD-1,published
REC-0311,market_close,DEMO-OPEB,close,DEMO-OIL,59.6238,px,USD,1,2026-06-29,,,D,Daily,synthetic,workbook,Inputs_Market,synthetic proxy series,synthetic generator,2026-08-04,n/a,n/a,n/a,final,,,ok,Real Assets & Inflation Hedges,1.3.0,PA-ANALYST-1,PA-LEAD-1,published
REC-0312,market_close,DEMO-OPEB,close,DEMO-USD,,px,USD,1,2026-06-29,,,D,Daily,synthetic,workbook,Inputs_Market,synthetic proxy series,synthetic generator,2026-08-04,n/a,n/a,n/a,final,,,missing,Cross-portfolio / FX,1.3.0,PA-ANALYST-1,PA-LEAD-1,published
REC-0313,market_close,DEMO-OPEB,close,DEMO-EQ-GLOBAL,101.6935,px,USD,1,2026-06-30,,,D,Daily,synthetic,workbook,Inputs_Market,synthetic proxy series,synthetic generator,2026-08-04,n/a,n/a,n/a,final,,,ok,Growth,1.3.0,PA-ANALYST-1,PA-LEAD-1,published
REC-0314,market_close,DEMO-OPEB,close,DEMO-EQ-SMALL,89.1525,px,USD,1,2026-06-30,,,D,Daily,synthetic,workbook,Inputs_Market,synthetic proxy series,synthetic generator,2026-08-04,n/a,n/a,n/a,final,,,ok,Growth,1.3.0,PA-ANALYST-1,PA-LEAD-1,published
REC-0315,market_close,DEMO-OPEB,close,DEMO-BOND-AGG,95.6815,px,USD,1,2026-06-30,,,D,Daily,synthetic,workbook,Inputs_Market,synthetic proxy series,synthetic generator,2026-08-04,n/a,n/a,n/a,final,,,ok,Risk Reduction & Mitigation,1.3.0,PA-ANALYST-1,PA-LEAD-1,published
REC-0316,market_close,DEMO-OPEB,close,DEMO-GOLD,120.217,px,USD,1,2026-06-30,,,D,Daily,synthetic,workbook,Inputs_Market,synthetic proxy series,synthetic generator,2026-08-04,n/a,n/a,n/a,final,,,ok,Real Assets & Inflation Hedges,1.3.0,PA-ANALYST-1,PA-LEAD-1,published
REC-0317,market_close,DEMO-OPEB,close,DEMO-OIL,,px,USD,1,2026-06-30,,,D,Daily,synthetic,workbook,Inputs_Market,synthetic proxy series,synthetic generator,2026-08-04,n/a,n/a,n/a,final,,,missing,Real Assets & Inflation Hedges,1.3.0,PA-ANALYST-1,PA-LEAD-1,published
REC-0318,market_close,DEMO-OPEB,close,DEMO-USD,,px,USD,1,2026-06-30,,,D,Daily,synthetic,workbook,Inputs_Market,synthetic proxy series,synthetic generator,2026-08-04,n/a,n/a,n/a,final,,,missing,Cross-portfolio / FX,1.3.0,PA-ANALYST-1,PA-LEAD-1,published
REC-0319,public_reference,LACERA Pension Plan,"Total fund net TWR, FY ended Jun 30 2025",,0.097,%,USD,1,2025-06-30,2024-07-01,2025-06-30,FY,Ad Hoc,reported_public,public_report,ACFR 2025,"ACFR 2025, Investment Results, printed p.110",LACERA ACFR 2025,2026-08-04,IBOR,TWR,net,final,,,ok,"quoted from ACFR 2025, Investment Results, printed p.110",1.3.0,PA-ANALYST-1,PA-LEAD-1,published
REC-0320,public_reference,LACERA Pension Plan,"Total fund policy benchmark net TWR, FY ended Jun 30 2025",,0.097,%,USD,1,2025-06-30,2024-07-01,2025-06-30,FY,Ad Hoc,reported_public,public_report,ACFR 2025,"ACFR 2025, Investment Results, printed p.110",LACERA ACFR 2025,2026-08-04,n/a,TWR,net,final,,,ok,"quoted from ACFR 2025, Investment Results, printed p.110",1.3.0,PA-ANALYST-1,PA-LEAD-1,published
REC-0321,public_reference,LACERA Pension Plan,"Total investments (IBOR), Jun 30 2025",,85184786,$K,USD,k,2025-06-30,,,FY,Ad Hoc,reported_public,public_report,ACFR 2025,"ACFR 2025, Investment Summary, printed p.108",LACERA ACFR 2025,2026-08-04,IBOR,n/a,n/a,final,,,ok,"quoted from ACFR 2025, Investment Summary, printed p.108",1.3.0,PA-ANALYST-1,PA-LEAD-1,published
REC-0322,public_reference,LACERA OPEB Master Trust,"Total investments (IBOR), Jun 30 2025",,5025968,$K,USD,k,2025-06-30,,,FY,Ad Hoc,reported_public,public_report,ACFR 2025,"ACFR 2025, Investment Summary, printed p.109",LACERA ACFR 2025,2026-08-04,IBOR,n/a,n/a,final,,,ok,"quoted from ACFR 2025, Investment Summary, printed p.109",1.3.0,PA-ANALYST-1,PA-LEAD-1,published
REC-0323,public_reference,LACERA Pension Plan,"Annual money-weighted return net of investment expense, FY2025",,0.097,%,USD,1,2025-06-30,2024-07-01,2025-06-30,FY,Ad Hoc,reported_public,public_report,ACFR 2025,"ACFR 2025, RSI, printed p.95",LACERA ACFR 2025,2026-08-04,n/a,MWR,net,final,,,ok,"quoted from ACFR 2025, RSI, printed p.95",1.3.0,PA-ANALYST-1,PA-LEAD-1,published
REC-0324,public_reference,LACERA Pension Plan,"Total fund net return, quarter ended Mar 31 2026 (QTD)",,0.006,%,USD,1,2026-03-31,2026-01-01,2026-03-31,Q,Ad Hoc,reported_public,public_report,Total Fund Performance Report Q1 2026,"Total Fund Performance Report Q1 2026, Summary, PDF p.6",LACERA / Meketa,2026-08-04,n/a,TWR,net,final,,,ok,"quoted from Total Fund Performance Report Q1 2026, Summary, PDF p.6",1.3.0,PA-ANALYST-1,PA-LEAD-1,published
REC-0325,public_reference,LACERA Pension Plan,"Total fund ending market value, Mar 31 2026",,89631,$mm,USD,mm,2026-03-31,,,Q,Ad Hoc,reported_public,public_report,Total Fund Performance Report Q1 2026,"Total Fund Performance Report Q1 2026, PDF p.4",LACERA / Meketa,2026-08-04,IBOR,n/a,n/a,final,,,ok,"quoted from Total Fund Performance Report Q1 2026, PDF p.4",1.3.0,PA-ANALYST-1,PA-LEAD-1,published
REC-0326,public_reference,LACERA Pension Plan,"Total fund AUM, May 2026",,93.9,$B,USD,bn,2026-05-31,,,M,Ad Hoc,reported_public,public_report,CIO Monthly Report July 2026,"CIO Monthly Report July 2026, PDF p.8",LACERA,2026-08-04,IBOR,n/a,n/a,final,,,ok,"quoted from CIO Monthly Report July 2026, PDF p.8",1.3.0,PA-ANALYST-1,PA-LEAD-1,published
REC-0327,check_result,DEMO-OPEB,CHK-01,TOTAL,PASS,status,USD,1,2026-06-30,,,M,Monthly,calculated,workbook,Checks,Beginning weights sum to 100% every month (max abs deviation,workbook formulas,2026-08-04,n/a,n/a,n/a,final,,,ok,,1.3.0,PA-ANALYST-1,PA-LEAD-1,published
REC-0328,check_result,DEMO-OPEB,CHK-02,TOTAL,PASS,status,USD,1,2026-06-30,,,M,Monthly,calculated,workbook,Checks,Contribution residual within tolerance,workbook formulas,2026-08-04,n/a,n/a,n/a,final,,,ok,,1.3.0,PA-ANALYST-1,PA-LEAD-1,published
REC-0329,check_result,DEMO-OPEB,CHK-03,TOTAL,PASS,status,USD,1,2026-06-30,,,M,Monthly,calculated,workbook,Checks,Allocation actual % sums to 100%,workbook formulas,2026-08-04,n/a,n/a,n/a,final,,,ok,,1.3.0,PA-ANALYST-1,PA-LEAD-1,published
REC-0330,check_result,DEMO-OPEB,CHK-04,TOTAL,PASS,status,USD,1,2026-06-30,,,M,Monthly,calculated,workbook,Checks,Policy target weights sum to 100% (both versions),workbook formulas,2026-08-04,n/a,n/a,n/a,final,,,ok,,1.3.0,PA-ANALYST-1,PA-LEAD-1,published
REC-0331,check_result,DEMO-OPEB,CHK-05,TOTAL,PASS,status,USD,1,2026-06-30,,,M,Monthly,calculated,workbook,Checks,Internal transfers net to zero every month,workbook formulas,2026-08-04,n/a,n/a,n/a,final,,,ok,,1.3.0,PA-ANALYST-1,PA-LEAD-1,published
REC-0332,check_result,DEMO-OPEB,CHK-06,TOTAL,WARN,status,USD,1,2026-06-30,,,M,Monthly,calculated,workbook,Checks,Market strip completeness (missing closes),workbook formulas,2026-08-04,n/a,n/a,n/a,final,,,ok,,1.3.0,PA-ANALYST-1,PA-LEAD-1,published
REC-0333,check_result,DEMO-OPEB,CHK-07,TOTAL,WARN,status,USD,1,2026-06-30,,,M,Monthly,calculated,workbook,Checks,Market strip freshness (proxies with data on final business ,workbook formulas,2026-08-04,n/a,n/a,n/a,final,,,ok,,1.3.0,PA-ANALYST-1,PA-LEAD-1,published
REC-0334,check_result,DEMO-OPEB,CHK-08,TOTAL,PASS,status,USD,1,2026-06-30,,,M,Monthly,calculated,workbook,Checks,Benchmark return coverage = 12 months x 4 categories,workbook formulas,2026-08-04,n/a,n/a,n/a,final,,,ok,,1.3.0,PA-ANALYST-1,PA-LEAD-1,published
REC-0335,check_result,DEMO-OPEB,CHK-09,TOTAL,PASS,status,USD,1,2026-06-30,,,M,Monthly,calculated,workbook,Checks,Public reference rows fully sourced (blank source/as-of cell,workbook formulas,2026-08-04,n/a,n/a,n/a,final,,,ok,,1.3.0,PA-ANALYST-1,PA-LEAD-1,published
REC-0336,check_result,DEMO-OPEB,CHK-10,TOTAL,PASS,status,USD,1,2026-06-30,,,M,Monthly,calculated,workbook,Checks,Crosswalk item count (structured reference),workbook formulas,2026-08-04,n/a,n/a,n/a,final,,,ok,,1.3.0,PA-ANALYST-1,PA-LEAD-1,published
REC-0337,check_result,DEMO-OPEB,CHK-11,TOTAL,PASS,status,USD,1,2026-06-30,,,M,Monthly,calculated,workbook,Checks,QA control count (structured reference),workbook formulas,2026-08-04,n/a,n/a,n/a,final,,,ok,,1.3.0,PA-ANALYST-1,PA-LEAD-1,published
REC-0338,check_result,DEMO-OPEB,CHK-12,TOTAL,PASS,status,USD,1,2026-06-30,,,M,Monthly,calculated,workbook,Checks,Export record count matches expected,workbook formulas,2026-08-04,n/a,n/a,n/a,final,,,ok,,1.3.0,PA-ANALYST-1,PA-LEAD-1,published
REC-0339,policy_target,DEMO-OPEB,policy_min,GROWTH,0.35,%,USD,1,2026-06-30,,,,Ad Hoc,reported_public,public_report,IPS-OPEB.pdf,"Table 1-2, printed pp. 21-22",LACERA IPS,2026-08-04,n/a,n/a,n/a,final,,,ok,"Restated June 12, 2024; half-step effective 2024-07-01",1.3.0,PA-ANALYST-1,PA-LEAD-1,published
REC-0340,policy_target,DEMO-OPEB,policy_target,GROWTH,0.45,%,USD,1,2026-06-30,,,,Ad Hoc,reported_public,public_report,IPS-OPEB.pdf,"Table 1-2, printed pp. 21-22",LACERA IPS,2026-08-04,n/a,n/a,n/a,final,,,ok,"Restated June 12, 2024; half-step effective 2024-07-01",1.3.0,PA-ANALYST-1,PA-LEAD-1,published
REC-0341,policy_target,DEMO-OPEB,policy_max,GROWTH,0.55,%,USD,1,2026-06-30,,,,Ad Hoc,reported_public,public_report,IPS-OPEB.pdf,"Table 1-2, printed pp. 21-22",LACERA IPS,2026-08-04,n/a,n/a,n/a,final,,,ok,"Restated June 12, 2024; half-step effective 2024-07-01",1.3.0,PA-ANALYST-1,PA-LEAD-1,published
REC-0342,policy_target,DEMO-OPEB,policy_halfstep,GROWTH,0.45,%,USD,1,2026-06-30,,,,Ad Hoc,reported_public,public_report,IPS-OPEB.pdf,"Table 1-2, printed pp. 21-22",LACERA IPS,2026-08-04,n/a,n/a,n/a,final,,,ok,"Restated June 12, 2024; half-step effective 2024-07-01",1.3.0,PA-ANALYST-1,PA-LEAD-1,published
REC-0343,policy_target,DEMO-OPEB,policy_min,CREDIT,0.11,%,USD,1,2026-06-30,,,,Ad Hoc,reported_public,public_report,IPS-OPEB.pdf,"Table 1-2, printed pp. 21-22",LACERA IPS,2026-08-04,n/a,n/a,n/a,final,,,ok,"Restated June 12, 2024; half-step effective 2024-07-01",1.3.0,PA-ANALYST-1,PA-LEAD-1,published
REC-0344,policy_target,DEMO-OPEB,policy_target,CREDIT,0.16,%,USD,1,2026-06-30,,,,Ad Hoc,reported_public,public_report,IPS-OPEB.pdf,"Table 1-2, printed pp. 21-22",LACERA IPS,2026-08-04,n/a,n/a,n/a,final,,,ok,"Restated June 12, 2024; half-step effective 2024-07-01",1.3.0,PA-ANALYST-1,PA-LEAD-1,published
REC-0345,policy_target,DEMO-OPEB,policy_max,CREDIT,0.21,%,USD,1,2026-06-30,,,,Ad Hoc,reported_public,public_report,IPS-OPEB.pdf,"Table 1-2, printed pp. 21-22",LACERA IPS,2026-08-04,n/a,n/a,n/a,final,,,ok,"Restated June 12, 2024; half-step effective 2024-07-01",1.3.0,PA-ANALYST-1,PA-LEAD-1,published
REC-0346,policy_target,DEMO-OPEB,policy_halfstep,CREDIT,0.17,%,USD,1,2026-06-30,,,,Ad Hoc,reported_public,public_report,IPS-OPEB.pdf,"Table 1-2, printed pp. 21-22",LACERA IPS,2026-08-04,n/a,n/a,n/a,final,,,ok,"Restated June 12, 2024; half-step effective 2024-07-01",1.3.0,PA-ANALYST-1,PA-LEAD-1,published
REC-0347,policy_target,DEMO-OPEB,policy_min,RAIH,0.09,%,USD,1,2026-06-30,,,,Ad Hoc,reported_public,public_report,IPS-OPEB.pdf,"Table 1-2, printed pp. 21-22",LACERA IPS,2026-08-04,n/a,n/a,n/a,final,,,ok,"Restated June 12, 2024; half-step effective 2024-07-01",1.3.0,PA-ANALYST-1,PA-LEAD-1,published
REC-0348,policy_target,DEMO-OPEB,policy_target,RAIH,0.13,%,USD,1,2026-06-30,,,,Ad Hoc,reported_public,public_report,IPS-OPEB.pdf,"Table 1-2, printed pp. 21-22",LACERA IPS,2026-08-04,n/a,n/a,n/a,final,,,ok,"Restated June 12, 2024; half-step effective 2024-07-01",1.3.0,PA-ANALYST-1,PA-LEAD-1,published
REC-0349,policy_target,DEMO-OPEB,policy_max,RAIH,0.17,%,USD,1,2026-06-30,,,,Ad Hoc,reported_public,public_report,IPS-OPEB.pdf,"Table 1-2, printed pp. 21-22",LACERA IPS,2026-08-04,n/a,n/a,n/a,final,,,ok,"Restated June 12, 2024; half-step effective 2024-07-01",1.3.0,PA-ANALYST-1,PA-LEAD-1,published
REC-0350,policy_target,DEMO-OPEB,policy_halfstep,RAIH,0.165,%,USD,1,2026-06-30,,,,Ad Hoc,reported_public,public_report,IPS-OPEB.pdf,"Table 1-2, printed pp. 21-22",LACERA IPS,2026-08-04,n/a,n/a,n/a,final,,,ok,"Restated June 12, 2024; half-step effective 2024-07-01",1.3.0,PA-ANALYST-1,PA-LEAD-1,published
REC-0351,policy_target,DEMO-OPEB,policy_min,RRM,0.17,%,USD,1,2026-06-30,,,,Ad Hoc,reported_public,public_report,IPS-OPEB.pdf,"Table 1-2, printed pp. 21-22",LACERA IPS,2026-08-04,n/a,n/a,n/a,final,,,ok,"Restated June 12, 2024; half-step effective 2024-07-01",1.3.0,PA-ANALYST-1,PA-LEAD-1,published
REC-0352,policy_target,DEMO-OPEB,policy_target,RRM,0.26,%,USD,1,2026-06-30,,,,Ad Hoc,reported_public,public_report,IPS-OPEB.pdf,"Table 1-2, printed pp. 21-22",LACERA IPS,2026-08-04,n/a,n/a,n/a,final,,,ok,"Restated June 12, 2024; half-step effective 2024-07-01",1.3.0,PA-ANALYST-1,PA-LEAD-1,published
REC-0353,policy_target,DEMO-OPEB,policy_max,RRM,0.35,%,USD,1,2026-06-30,,,,Ad Hoc,reported_public,public_report,IPS-OPEB.pdf,"Table 1-2, printed pp. 21-22",LACERA IPS,2026-08-04,n/a,n/a,n/a,final,,,ok,"Restated June 12, 2024; half-step effective 2024-07-01",1.3.0,PA-ANALYST-1,PA-LEAD-1,published
REC-0354,policy_target,DEMO-OPEB,policy_halfstep,RRM,0.215,%,USD,1,2026-06-30,,,,Ad Hoc,reported_public,public_report,IPS-OPEB.pdf,"Table 1-2, printed pp. 21-22",LACERA IPS,2026-08-04,n/a,n/a,n/a,final,,,ok,"Restated June 12, 2024; half-step effective 2024-07-01",1.3.0,PA-ANALYST-1,PA-LEAD-1,published
REC-0355,benchmark_definition,DEMO-OPEB,benchmark_lag_months,GROWTH,0,1,USD,1,2026-06-30,,,,Ad Hoc,reported_public,public_report,IPS-OPEB.pdf,"Table 1-2, printed pp. 21-22",LACERA IPS,2026-08-04,n/a,n/a,n/a,final,BM-GROWTH,,ok,Custom Blend (PE component 3-mo lag),1.3.0,PA-ANALYST-1,PA-LEAD-1,published
REC-0356,benchmark_definition,DEMO-OPEB,benchmark_lag_months,CREDIT,1,1,USD,1,2026-06-30,,,,Ad Hoc,reported_public,public_report,IPS-OPEB.pdf,"Table 1-2, printed pp. 21-22",LACERA IPS,2026-08-04,n/a,n/a,n/a,final,BM-CREDIT,,ok,70% CS Leveraged Loans / 30% Bloomberg US Corp HY + 100 bps (1-mo lag),1.3.0,PA-ANALYST-1,PA-LEAD-1,published
REC-0357,benchmark_definition,DEMO-OPEB,benchmark_lag_months,RAIH,0,1,USD,1,2026-06-30,,,,Ad Hoc,reported_public,public_report,IPS-OPEB.pdf,"Table 1-2, printed pp. 21-22",LACERA IPS,2026-08-04,n/a,n/a,n/a,final,BM-RAIH,,ok,Custom Blend (RE/Infra components 3-mo lag; NR unlagged),1.3.0,PA-ANALYST-1,PA-LEAD-1,published
REC-0358,benchmark_definition,DEMO-OPEB,benchmark_lag_months,RRM,0,1,USD,1,2026-06-30,,,,Ad Hoc,reported_public,public_report,IPS-OPEB.pdf,"Table 1-2, printed pp. 21-22",LACERA IPS,2026-08-04,n/a,n/a,n/a,final,BM-RRM,,ok,Custom Blend,1.3.0,PA-ANALYST-1,PA-LEAD-1,published
REC-0359,tolerance_definition,DEMO-OPEB,nav_total,,0.5,$mm,USD,mm,2026-06-30,,,,Ad Hoc,synthetic,workbook,Recon_Policy,tolerance-as-data,synthetic generator,2026-08-04,n/a,n/a,n/a,final,,,ok,"custodian vs internal book, total fund NAV ($mm absolute)",1.3.0,PA-ANALYST-1,PA-LEAD-1,published
REC-0360,tolerance_definition,DEMO-OPEB,emv_category,,0.3,$mm,USD,mm,2026-06-30,,,,Ad Hoc,synthetic,workbook,Recon_Policy,tolerance-as-data,synthetic generator,2026-08-04,n/a,n/a,n/a,final,,,ok,"custodian vs internal book, category EMV ($mm absolute)",1.3.0,PA-ANALYST-1,PA-LEAD-1,published
REC-0361,recon_value,DEMO-OPEB,nav_total,TOTAL,1063.3553,$mm,USD,mm,2026-06-30,,,,Ad Hoc,synthetic,workbook,internal_book,reconciliation input,synthetic generator,2026-08-04,IBOR,n/a,n/a,final,,,ok,synthetic demo pair; custodian remains the book of record,1.3.0,PA-ANALYST-1,PA-LEAD-1,published
REC-0362,recon_value,DEMO-OPEB,nav_total,TOTAL,1063.5653,$mm,USD,mm,2026-06-30,,,,Ad Hoc,synthetic,workbook,custodian_feed,reconciliation input,synthetic generator,2026-08-04,ABOR,n/a,n/a,final,,,ok,synthetic demo pair; custodian remains the book of record,1.3.0,PA-ANALYST-1,PA-LEAD-1,published
REC-0363,recon_value,DEMO-OPEB,emv_category,CREDIT,180.9993,$mm,USD,mm,2026-06-30,,,,Ad Hoc,synthetic,workbook,internal_book,reconciliation input,synthetic generator,2026-08-04,IBOR,n/a,n/a,final,,,ok,synthetic demo pair; custodian remains the book of record,1.3.0,PA-ANALYST-1,PA-LEAD-1,published
REC-0364,recon_value,DEMO-OPEB,emv_category,CREDIT,180.3493,$mm,USD,mm,2026-06-30,,,,Ad Hoc,synthetic,workbook,custodian_feed,reconciliation input,synthetic generator,2026-08-04,ABOR,n/a,n/a,final,,,ok,synthetic demo pair; custodian remains the book of record,1.3.0,PA-ANALYST-1,PA-LEAD-1,published
REC-0365,pm_commitment,DEMO-OPEB,commitment_total,PM-FUND-A,150,$mm,USD,mm,2026-06-30,,,,Quarterly,synthetic,workbook,PM_Monitoring,capital account,synthetic generator,2026-08-04,n/a,n/a,n/a,final,,,ok,,1.3.0,PA-ANALYST-1,PA-LEAD-1,published
REC-0366,pm_commitment,DEMO-OPEB,called_itd,PM-FUND-A,120,$mm,USD,mm,2026-06-30,,,,Quarterly,synthetic,workbook,PM_Monitoring,capital account,synthetic generator,2026-08-04,n/a,n/a,n/a,final,,,ok,,1.3.0,PA-ANALYST-1,PA-LEAD-1,published
REC-0367,pm_capital_account,DEMO-OPEB,distributed_itd,PM-FUND-A,95,$mm,USD,mm,2026-06-30,,,,Quarterly,synthetic,workbook,PM_Monitoring,capital account,synthetic generator,2026-08-04,n/a,n/a,n/a,final,,,ok,,1.3.0,PA-ANALYST-1,PA-LEAD-1,published
REC-0368,pm_capital_account,DEMO-OPEB,nav,PM-FUND-A,88,$mm,USD,mm,2026-06-30,,,,Quarterly,synthetic,workbook,PM_Monitoring,capital account,synthetic generator,2026-08-04,n/a,n/a,n/a,lagged,,,ok,valuation as of 2026-03-31 (one-quarter lag),1.3.0,PA-ANALYST-1,PA-LEAD-1,published
REC-0369,pm_commitment,DEMO-OPEB,commitment_total,PM-FUND-B,100,$mm,USD,mm,2026-06-30,,,,Quarterly,synthetic,workbook,PM_Monitoring,capital account,synthetic generator,2026-08-04,n/a,n/a,n/a,final,,,ok,,1.3.0,PA-ANALYST-1,PA-LEAD-1,published
REC-0370,pm_commitment,DEMO-OPEB,called_itd,PM-FUND-B,62.5,$mm,USD,mm,2026-06-30,,,,Quarterly,synthetic,workbook,PM_Monitoring,capital account,synthetic generator,2026-08-04,n/a,n/a,n/a,final,,,ok,,1.3.0,PA-ANALYST-1,PA-LEAD-1,published
REC-0371,pm_capital_account,DEMO-OPEB,distributed_itd,PM-FUND-B,18,$mm,USD,mm,2026-06-30,,,,Quarterly,synthetic,workbook,PM_Monitoring,capital account,synthetic generator,2026-08-04,n/a,n/a,n/a,final,,,ok,,1.3.0,PA-ANALYST-1,PA-LEAD-1,published
REC-0372,pm_capital_account,DEMO-OPEB,nav,PM-FUND-B,71.3,$mm,USD,mm,2026-06-30,,,,Quarterly,synthetic,workbook,PM_Monitoring,capital account,synthetic generator,2026-08-04,n/a,n/a,n/a,lagged,,,ok,valuation as of 2026-03-31 (one-quarter lag),1.3.0,PA-ANALYST-1,PA-LEAD-1,published
REC-0373,pm_commitment,DEMO-OPEB,commitment_total,PM-FUND-C,75,$mm,USD,mm,2026-06-30,,,,Quarterly,synthetic,workbook,PM_Monitoring,capital account,synthetic generator,2026-08-04,n/a,n/a,n/a,final,,,ok,,1.3.0,PA-ANALYST-1,PA-LEAD-1,published
REC-0374,pm_commitment,DEMO-OPEB,called_itd,PM-FUND-C,20,$mm,USD,mm,2026-06-30,,,,Quarterly,synthetic,workbook,PM_Monitoring,capital account,synthetic generator,2026-08-04,n/a,n/a,n/a,final,,,ok,,1.3.0,PA-ANALYST-1,PA-LEAD-1,published
REC-0375,pm_capital_account,DEMO-OPEB,distributed_itd,PM-FUND-C,0,$mm,USD,mm,2026-06-30,,,,Quarterly,synthetic,workbook,PM_Monitoring,capital account,synthetic generator,2026-08-04,n/a,n/a,n/a,final,,,ok,,1.3.0,PA-ANALYST-1,PA-LEAD-1,published
REC-0376,pm_capital_account,DEMO-OPEB,nav,PM-FUND-C,21.1,$mm,USD,mm,2026-06-30,,,,Quarterly,synthetic,workbook,PM_Monitoring,capital account,synthetic generator,2026-08-04,n/a,n/a,n/a,lagged,,,ok,valuation as of 2026-03-31 (one-quarter lag),1.3.0,PA-ANALYST-1,PA-LEAD-1,published
